"f1.type","pathway","factorName","nom","outNom","low","outLo","high","outHi"
"Baked goods","AD","DieselprovisionkgCO2eperL",0.45,-174.288775963311,0.4,-174.438775963311,0.5,-174.138775963311
"Baked goods","CM","DieselprovisionkgCO2eperL",0.45,206.25363917003,0.4,205.65363917003,0.5,206.85363917003
"Baked goods","AF","DieselprovisionkgCO2eperL",0.45,-623.220661157025,0.4,-623.220661157025,0.5,-623.220661157025
"Baked goods","LF","DieselprovisionkgCO2eperL",0.45,2241.22306837992,0.4,2240.93156837992,0.5,2241.51456837992
"Baked goods","LA","DieselprovisionkgCO2eperL",0.45,40.4612961714285,0.4,40.1612961714285,0.5,40.7612961714285
"Baked goods","AD","DieselcombustionkgCO2eperL",2.72,-174.288775963311,NA,NA,NA,NA
"Baked goods","CM","DieselcombustionkgCO2eperL",2.72,206.25363917003,NA,NA,NA,NA
"Baked goods","AF","DieselcombustionkgCO2eperL",2.72,-623.220661157025,NA,-623.220661157025,NA,-623.220661157025
"Baked goods","LF","DieselcombustionkgCO2eperL",2.72,2241.22306837992,NA,NA,NA,NA
"Baked goods","LA","DieselcombustionkgCO2eperL",2.72,40.4612961714285,NA,NA,NA,NA
"Baked goods","AD","EFGrid",-692.15,-174.288775963311,-918.79,-467.002888233792,-537.18,25.8608268365319
"Baked goods","CM","EFGrid",-692.15,206.25363917003,-918.79,206.25363917003,-537.18,206.25363917003
"Baked goods","AF","EFGrid",-692.15,-623.220661157025,-918.79,-623.220661157025,-537.18,-623.220661157025
"Baked goods","LF","EFGrid",-692.15,2241.22306837992,-918.79,2121.52820690778,-537.18,2323.06701773722
"Baked goods","LA","EFGrid",-692.15,40.4612961714285,-918.79,40.4612961714285,-537.18,40.4612961714285
"Baked goods","AD","LA_DisplacedFertilizer_Production_Factor",-6.8,-174.288775963311,-13,-174.288775963311,-4.7,-174.288775963311
"Baked goods","CM","LA_DisplacedFertilizer_Production_Factor",-6.8,206.25363917003,-13,202.19732736203,-4.7,207.62755123403
"Baked goods","AF","LA_DisplacedFertilizer_Production_Factor",-6.8,-623.220661157025,-13,-623.220661157025,-4.7,-623.220661157025
"Baked goods","LF","LA_DisplacedFertilizer_Production_Factor",-6.8,2241.22306837992,-13,2241.22306837992,-4.7,2241.22306837992
"Baked goods","LA","LA_DisplacedFertilizer_Production_Factor",-6.8,40.4612961714285,-13,40.4612961714285,-4.7,40.4612961714285
"Baked goods","AD","N_availabilityfactor",0.4,-174.288775963311,0.2,-174.288775963311,0.6,-174.288775963311
"Baked goods","CM","N_availabilityfactor",0.4,206.25363917003,0.2,210.24452659403,0.6,202.26275174603
"Baked goods","AF","N_availabilityfactor",0.4,-623.220661157025,0.2,-623.220661157025,0.6,-623.220661157025
"Baked goods","LF","N_availabilityfactor",0.4,2241.22306837992,0.2,2241.22306837992,0.6,2241.22306837992
"Baked goods","LA","N_availabilityfactor",0.4,40.4612961714285,0.2,40.4612961714285,0.6,40.4612961714285
"Baked goods","AD","DieselspreadLpertkm",0.3,-174.288775963311,0.3,-174.288775963311,0.6,-164.778775963311
"Baked goods","CM","DieselspreadLpertkm",0.3,206.25363917003,0.3,206.25363917003,0.6,234.78363917003
"Baked goods","AF","DieselspreadLpertkm",0.3,-623.220661157025,0.3,-623.220661157025,0.6,-623.220661157025
"Baked goods","LF","DieselspreadLpertkm",0.3,2241.22306837992,0.3,2241.22306837992,0.6,2241.22306837992
"Baked goods","LA","DieselspreadLpertkm",0.3,40.4612961714285,0.3,40.4612961714285,0.6,59.4812961714285
"Baked goods","AD","EF_Peat_kgCO2eperton",-388,-174.288775963311,-1197,-174.288775963311,-550,-174.288775963311
"Baked goods","CM","EF_Peat_kgCO2eperton",-388,206.25363917003,-1197,138.29763917003,-550,192.64563917003
"Baked goods","AF","EF_Peat_kgCO2eperton",-388,-623.220661157025,-1197,-623.220661157025,-550,-623.220661157025
"Baked goods","LF","EF_Peat_kgCO2eperton",-388,2241.22306837992,-1197,2241.22306837992,-550,2241.22306837992
"Baked goods","LA","EF_Peat_kgCO2eperton",-388,40.4612961714285,-1197,40.4612961714285,-550,40.4612961714285
"Baked goods","LF","LFDieseluseLpert",5.83,2241.22306837992,4,2235.42196837992,10,2254.44196837992
"Baked goods","LF","Landfill_Oxidation_Factor",0.1,2241.22306837992,0.1,2241.22306837992,0.2,1983.60812389326
"Baked goods","LF","Heating_value",11700,2241.22306837992,8979,2130.4485836991,13648,2293.39766581875
"Baked goods","LF","Landfill_CF",0.85,2241.22306837992,0.8,2262.72563227185,0.9,2219.72050448799
"Baked goods","LF","LCEMax",0.9,2241.22306837992,0.85,2272.2011888389,0.95,2210.24494792093
"Baked goods","LF","BMP_Correctionfactor",1,2241.22306837992,0.7,1545.66271826594,1,2241.22306837992
"Baked goods","LF","k",0.144,2241.22306837992,0.1,1837.74365400841,0.229,2743.23036445667
"Baked goods","AD","AD_MCFactor",0.84,-174.288775963311,0.7,-63.6310076917117,1,-300.754796845139
"Baked goods","AD","AD_Digester_CH4Leaks",0.03,-174.288775963311,0,-371.424119118831,0.1,285.693691399569
"Baked goods","AD","AD_Digester_CH4incompleteCombustion",0.005,-174.288775963311,NA,NA,NA,NA
"Baked goods","AD","AD_Digester_conversion_KwHPerM3",4.19,-174.288775963311,3.6,-48.4120868097285,4.5,-240.427375349092
"Baked goods","AD","AD_Digester_parasiticLoad",0.12,-174.288775963311,0.1,-194.605545129471,0.2,-93.0216992986715
"Baked goods","AD","AD_reductionInVS",0.55,-174.288775963311,0.4,-38.0201055793113,0.7,-310.557446347311
"Baked goods","AD","AD_Storage_EFresidualMethaneM3CH4PerKgVS",0.054,-174.288775963311,0.004,-552.812860363311,0.074,-22.8791422033112
"Baked goods","AD","AD_Storage_IPCC_EF3",0.005,-174.288775963311,0.0025,-189.325478649025,0.01,-144.215370591883
"Baked goods","AD","AD_Storage_IPCC_FracGasMS",0.26,-174.288775963311,0.05,-168.521273563311,0.5,-180.880207277597
"Baked goods","AD","IPCC_EF4",0.01,-174.288775963311,0.002,-193.965419071883,0.05,-75.9055604204541
"Baked goods","AD","AD_CSfactor",0.4,-174.288775963311,0.15,-150.340642963311,0.48,-181.952178523311
"Baked goods","AD","AD_xportTofield",10,-174.288775963311,10,-174.288775963311,30,-155.268775963311
"Baked goods","LA","DieselspreadLpertkm",0.3,40.4612961714285,0.3,40.4612961714285,0.6,59.4812961714285
"Baked goods","LA","LA_xportToField",20,40.4612961714285,10,30.9512961714285,20,40.4612961714285
"Baked goods","LA","LandApplication_EF1",0.0125,40.4612961714285,0.005,-5.31253240000004,0.05,269.330439028571
"Baked goods","LA","LandApplication_FracGasM",0.2,40.4612961714285,0.05,31.3065304571428,0.5,58.7708276
"Baked goods","LA","IPCC_EF4",0.01,40.4612961714285,0.002,30.6962127428571,0.05,89.2867133142857
"Baked goods","CM","Compost_dieseLlpert",3,206.25363917003,0.4,198.01163917003,6,215.76363917003
"Baked goods","CM","CompostPercentCdegraded",0.58,206.25363917003,0.4,147.73311053003,0.83,287.53215117003
"Baked goods","CM","Compost_degradedC_CH4",0.02,206.25363917003,0.008,93.1139504660296,0.036,357.10655744203
"Baked goods","CM","Compost_N2OperN",0.005,206.25363917003,0.001,181.840930598601,0.018,285.594942027173
"Baked goods","CM","Compost_CS_factor",0.7,206.25363917003,0.25,249.36027857003,0.9,187.09513277003
"Baked goods","CM","Compost_mass_reduction",0.4,206.25363917003,NA,NA,NA,NA
"Baked goods","CM","Compost_xportToField",30,206.25363917003,10,187.23363917003,60,234.78363917003
"Baked goods","CM","Compost_N_loss",0.38,206.25363917003,0.26,215.694615560174,0.51,196.025914747374
"Baked goods","CM","Compost_EF1",0.015,206.25363917003,NA,NA,NA,NA
"Baked goods","CM","Compost_FracGasC",0.016,206.25363917003,NA,NA,NA,NA
"Canned goods","AD","DieselprovisionkgCO2eperL",0.45,4.36216947127611,0.4,4.21216947127611,0.5,4.51216947127611
"Canned goods","CM","DieselprovisionkgCO2eperL",0.45,36.06204960048,0.4,35.46204960048,0.5,36.66204960048
"Canned goods","AF","DieselprovisionkgCO2eperL",0.45,-56.1880165289256,0.4,-56.1880165289256,0.5,-56.1880165289256
"Canned goods","LF","DieselprovisionkgCO2eperL",0.45,246.088094730091,0.4,245.796594730091,0.5,246.379594730091
"Canned goods","LA","DieselprovisionkgCO2eperL",0.45,31.9529343,0.4,31.6529343,0.5,32.2529343
"Canned goods","AD","DieselcombustionkgCO2eperL",2.72,4.36216947127611,NA,NA,NA,NA
"Canned goods","CM","DieselcombustionkgCO2eperL",2.72,36.06204960048,NA,NA,NA,NA
"Canned goods","AF","DieselcombustionkgCO2eperL",2.72,-56.1880165289256,NA,-56.1880165289256,NA,-56.1880165289256
"Canned goods","LF","DieselcombustionkgCO2eperL",2.72,246.088094730091,NA,NA,NA,NA
"Canned goods","LA","DieselcombustionkgCO2eperL",2.72,31.9529343,NA,NA,NA,NA
"Canned goods","AD","EFGrid",-692.15,4.36216947127611,-918.79,-24.7849484556436,-537.18,24.2921415200528
"Canned goods","CM","EFGrid",-692.15,36.06204960048,-918.79,36.06204960048,-537.18,36.06204960048
"Canned goods","AF","EFGrid",-692.15,-56.1880165289256,-918.79,-56.1880165289256,-537.18,-56.1880165289256
"Canned goods","LF","EFGrid",-692.15,246.088094730091,-918.79,234.16943383768,-537.18,254.237736798997
"Canned goods","LA","EFGrid",-692.15,31.9529343,-918.79,31.9529343,-537.18,31.9529343
"Canned goods","AD","LA_DisplacedFertilizer_Production_Factor",-6.8,4.36216947127611,-13,4.36216947127611,-4.7,4.36216947127611
"Canned goods","CM","LA_DisplacedFertilizer_Production_Factor",-6.8,36.06204960048,-13,35.36459424048,-4.7,36.29828448048
"Canned goods","AF","LA_DisplacedFertilizer_Production_Factor",-6.8,-56.1880165289256,-13,-56.1880165289256,-4.7,-56.1880165289256
"Canned goods","LF","LA_DisplacedFertilizer_Production_Factor",-6.8,246.088094730091,-13,246.088094730091,-4.7,246.088094730091
"Canned goods","LA","LA_DisplacedFertilizer_Production_Factor",-6.8,31.9529343,-13,31.9529343,-4.7,31.9529343
"Canned goods","AD","N_availabilityfactor",0.4,4.36216947127611,0.2,4.36216947127611,0.6,4.36216947127611
"Canned goods","CM","N_availabilityfactor",0.4,36.06204960048,0.2,36.74825568048,0.6,35.37584352048
"Canned goods","AF","N_availabilityfactor",0.4,-56.1880165289256,0.2,-56.1880165289256,0.6,-56.1880165289256
"Canned goods","LF","N_availabilityfactor",0.4,246.088094730091,0.2,246.088094730091,0.6,246.088094730091
"Canned goods","LA","N_availabilityfactor",0.4,31.9529343,0.2,31.9529343,0.6,31.9529343
"Canned goods","AD","DieselspreadLpertkm",0.3,4.36216947127611,0.3,4.36216947127611,0.6,13.8721694712761
"Canned goods","CM","DieselspreadLpertkm",0.3,36.06204960048,0.3,36.06204960048,0.6,64.59204960048
"Canned goods","AF","DieselspreadLpertkm",0.3,-56.1880165289256,0.3,-56.1880165289256,0.6,-56.1880165289256
"Canned goods","LF","DieselspreadLpertkm",0.3,246.088094730091,0.3,246.088094730091,0.6,246.088094730091
"Canned goods","LA","DieselspreadLpertkm",0.3,31.9529343,0.3,31.9529343,0.6,50.9729343
"Canned goods","AD","EF_Peat_kgCO2eperton",-388,4.36216947127611,-1197,4.36216947127611,-550,4.36216947127611
"Canned goods","CM","EF_Peat_kgCO2eperton",-388,36.06204960048,-1197,-31.89395039952,-550,22.45404960048
"Canned goods","AF","EF_Peat_kgCO2eperton",-388,-56.1880165289256,-1197,-56.1880165289256,-550,-56.1880165289256
"Canned goods","LF","EF_Peat_kgCO2eperton",-388,246.088094730091,-1197,246.088094730091,-550,246.088094730091
"Canned goods","LA","EF_Peat_kgCO2eperton",-388,31.9529343,-1197,31.9529343,-550,31.9529343
"Canned goods","LF","LFDieseluseLpert",5.83,246.088094730091,4,240.286994730091,10,259.306994730091
"Canned goods","LF","Landfill_Oxidation_Factor",0.1,246.088094730091,0.1,246.088094730091,0.2,220.43598964897
"Canned goods","LF","Heating_value",11700,246.088094730091,8979,235.057683714916,13648,251.283399912145
"Canned goods","LF","Landfill_CF",0.85,246.088094730091,0.8,248.229220624664,0.9,243.946968835518
"Canned goods","LF","LCEMax",0.9,246.088094730091,0.85,249.172752737075,0.95,243.003436723107
"Canned goods","LF","BMP_Correctionfactor",1,246.088094730091,0.7,176.827411011064,1,246.088094730091
"Canned goods","LF","k",0.144,246.088094730091,0.1,205.911480146835,0.229,296.075660226771
"Canned goods","AD","AD_MCFactor",0.84,4.36216947127611,0.7,15.3809584060634,1,-8.2307321684808
"Canned goods","AD","AD_Digester_CH4Leaks",0.03,4.36216947127611,0,-15.2676565386439,0.1,50.1650968277561
"Canned goods","AD","AD_Digester_CH4incompleteCombustion",0.005,4.36216947127611,NA,NA,NA,NA
"Canned goods","AD","AD_Digester_conversion_KwHPerM3",4.19,4.36216947127611,3.6,16.8963881823283,4.5,-2.2236064616496
"Canned goods","AD","AD_Digester_parasiticLoad",0.12,4.36216947127611,0.1,2.33911953293604,0.2,12.4543692246365
"Canned goods","AD","AD_reductionInVS",0.55,4.36216947127611,0.4,18.8336991312761,0.7,-10.1093601887239
"Canned goods","AD","AD_Storage_EFresidualMethaneM3CH4PerKgVS",0.054,4.36216947127611,0.004,-35.8365240287239,0.074,20.4416468712761
"Canned goods","AD","AD_Storage_IPCC_EF3",0.005,4.36216947127611,0.0025,1.77671022127612,0.01,9.53308797127611
"Canned goods","AD","AD_Storage_IPCC_FracGasMS",0.26,4.36216947127611,0.05,5.35385247127612,0.5,3.22881747127612
"Canned goods","AD","IPCC_EF4",0.01,4.36216947127611,0.002,0.978903871276113,0.05,21.2784974712761
"Canned goods","AD","AD_CSfactor",0.4,4.36216947127611,0.15,5.17765722127612,0.48,4.10121339127612
"Canned goods","AD","AD_xportTofield",10,4.36216947127611,10,4.36216947127611,30,23.3821694712761
"Canned goods","LA","DieselspreadLpertkm",0.3,31.9529343,0.3,31.9529343,0.6,50.9729343
"Canned goods","LA","LA_xportToField",20,31.9529343,10,22.4429343,20,31.9529343
"Canned goods","LA","LandApplication_EF1",0.0125,31.9529343,0.005,24.0824343,0.05,71.3054343
"Canned goods","LA","LandApplication_FracGasM",0.2,31.9529343,0.05,30.3788343,0.5,35.1011343
"Canned goods","LA","IPCC_EF4",0.01,31.9529343,0.002,30.2738943,0.05,40.3481343
"Canned goods","CM","Compost_dieseLlpert",3,36.06204960048,0.4,27.82004960048,6,45.57204960048
"Canned goods","CM","CompostPercentCdegraded",0.58,36.06204960048,0.4,30.08378304048,0.83,44.36519760048
"Canned goods","CM","Compost_degradedC_CH4",0.02,36.06204960048,0.008,24.50406758448,0.036,51.47269228848
"Canned goods","CM","Compost_N2OperN",0.005,36.06204960048,0.001,31.86444960048,0.018,49.70424960048
"Canned goods","CM","Compost_CS_factor",0.7,36.06204960048,0.25,37.52992755048,0.9,35.40965940048
"Canned goods","CM","Compost_mass_reduction",0.4,36.06204960048,NA,NA,NA,NA
"Canned goods","CM","Compost_xportToField",30,36.06204960048,10,17.04204960048,60,64.59204960048
"Canned goods","CM","Compost_N_loss",0.38,36.06204960048,0.26,37.68536158896,0.51,34.30346161296
"Canned goods","CM","Compost_EF1",0.015,36.06204960048,NA,NA,NA,NA
"Canned goods","CM","Compost_FracGasC",0.016,36.06204960048,NA,NA,NA,NA
"Coffee","AD","DieselprovisionkgCO2eperL",0.45,-7.86594233983685,0.4,-8.01594233983685,0.5,-7.71594233983686
"Coffee","CM","DieselprovisionkgCO2eperL",0.45,37.4710826167086,0.4,36.8710826167086,0.5,38.0710826167086
"Coffee","AF","DieselprovisionkgCO2eperL",0.45,-44.797520661157,0.4,-44.797520661157,0.5,-44.797520661157
"Coffee","LF","DieselprovisionkgCO2eperL",0.45,507.554271106606,0.4,507.262771106606,0.5,507.845771106606
"Coffee","LA","DieselprovisionkgCO2eperL",0.45,-3.8278259428571,0.4,-4.1278259428571,0.5,-3.52782594285711
"Coffee","AD","DieselcombustionkgCO2eperL",2.72,-7.86594233983685,NA,NA,NA,NA
"Coffee","CM","DieselcombustionkgCO2eperL",2.72,37.4710826167086,NA,NA,NA,NA
"Coffee","AF","DieselcombustionkgCO2eperL",2.72,-44.797520661157,NA,-44.797520661157,NA,-44.797520661157
"Coffee","LF","DieselcombustionkgCO2eperL",2.72,507.554271106606,NA,NA,NA,NA
"Coffee","LA","DieselcombustionkgCO2eperL",2.72,-3.8278259428571,NA,NA,NA,NA
"Coffee","AD","EFGrid",-692.15,-7.86594233983685,-918.79,-82.4115872030643,-537.18,43.1062540264461
"Coffee","CM","EFGrid",-692.15,37.4710826167086,-918.79,37.4710826167086,-537.18,37.4710826167086
"Coffee","AF","EFGrid",-692.15,-44.797520661157,-918.79,-44.797520661157,-537.18,-44.797520661157
"Coffee","LF","EFGrid",-692.15,507.554271106606,-918.79,477.071522714172,-537.18,528.397509362763
"Coffee","LA","EFGrid",-692.15,-3.8278259428571,-918.79,-3.8278259428571,-537.18,-3.8278259428571
"Coffee","AD","LA_DisplacedFertilizer_Production_Factor",-6.8,-7.86594233983685,-13,-7.86594233983685,-4.7,-7.86594233983685
"Coffee","CM","LA_DisplacedFertilizer_Production_Factor",-6.8,37.4710826167086,-13,35.2652416567086,-4.7,38.2182222967086
"Coffee","AF","LA_DisplacedFertilizer_Production_Factor",-6.8,-44.797520661157,-13,-44.797520661157,-4.7,-44.797520661157
"Coffee","LF","LA_DisplacedFertilizer_Production_Factor",-6.8,507.554271106606,-13,507.554271106606,-4.7,507.554271106606
"Coffee","LA","LA_DisplacedFertilizer_Production_Factor",-6.8,-3.8278259428571,-13,-3.8278259428571,-4.7,-3.8278259428571
"Coffee","AD","N_availabilityfactor",0.4,-7.86594233983685,0.2,-7.86594233983685,0.6,-7.86594233983685
"Coffee","CM","N_availabilityfactor",0.4,37.4710826167086,0.2,39.6413454967086,0.6,35.3008197367086
"Coffee","AF","N_availabilityfactor",0.4,-44.797520661157,0.2,-44.797520661157,0.6,-44.797520661157
"Coffee","LF","N_availabilityfactor",0.4,507.554271106606,0.2,507.554271106606,0.6,507.554271106606
"Coffee","LA","N_availabilityfactor",0.4,-3.8278259428571,0.2,-3.8278259428571,0.6,-3.8278259428571
"Coffee","AD","DieselspreadLpertkm",0.3,-7.86594233983685,0.3,-7.86594233983685,0.6,1.64405766016315
"Coffee","CM","DieselspreadLpertkm",0.3,37.4710826167086,0.3,37.4710826167086,0.6,66.0010826167086
"Coffee","AF","DieselspreadLpertkm",0.3,-44.797520661157,0.3,-44.797520661157,0.6,-44.797520661157
"Coffee","LF","DieselspreadLpertkm",0.3,507.554271106606,0.3,507.554271106606,0.6,507.554271106606
"Coffee","LA","DieselspreadLpertkm",0.3,-3.8278259428571,0.3,-3.8278259428571,0.6,15.1921740571429
"Coffee","AD","EF_Peat_kgCO2eperton",-388,-7.86594233983685,-1197,-7.86594233983685,-550,-7.86594233983685
"Coffee","CM","EF_Peat_kgCO2eperton",-388,37.4710826167086,-1197,-30.4849173832914,-550,23.8630826167086
"Coffee","AF","EF_Peat_kgCO2eperton",-388,-44.797520661157,-1197,-44.797520661157,-550,-44.797520661157
"Coffee","LF","EF_Peat_kgCO2eperton",-388,507.554271106606,-1197,507.554271106606,-550,507.554271106606
"Coffee","LA","EF_Peat_kgCO2eperton",-388,-3.8278259428571,-1197,-3.8278259428571,-550,-3.8278259428571
"Coffee","LF","LFDieseluseLpert",5.83,507.554271106606,4,501.753171106606,10,520.773171106606
"Coffee","LF","Landfill_Oxidation_Factor",0.1,507.554271106606,0.1,507.554271106606,0.2,441.947348316983
"Coffee","LF","Heating_value",11700,507.554271106606,8979,479.343279395715,13648,520.841601127657
"Coffee","LF","Landfill_CF",0.85,507.554271106606,0.8,513.030339476195,0.9,502.078202737017
"Coffee","LF","LCEMax",0.9,507.554271106606,0.85,515.443484060343,0.95,499.665058152869
"Coffee","LF","BMP_Correctionfactor",1,507.554271106606,0.7,330.415579574624,1,507.554271106606
"Coffee","LF","k",0.144,507.554271106606,0.1,404.799973064533,0.229,635.400712543317
"Coffee","AD","AD_MCFactor",0.84,-7.86594233983685,0.7,20.3153251465407,1,-40.0731051814113
"Coffee","AD","AD_Digester_CH4Leaks",0.03,-7.86594233983685,0,-58.0704957413569,0.1,109.278015597043
"Coffee","AD","AD_Digester_CH4incompleteCombustion",0.005,-7.86594233983685,NA,NA,NA,NA
"Coffee","AD","AD_Digester_conversion_KwHPerM3",4.19,-7.86594233983685,3.6,24.1911351048305,4.5,-24.7094915056791
"Coffee","AD","AD_Digester_parasiticLoad",0.12,-7.86594233983685,0.1,-13.0400237918075,0.2,12.8303834680454
"Coffee","AD","AD_reductionInVS",0.55,-7.86594233983685,0.4,36.3455039041632,0.7,-52.0773885838368
"Coffee","AD","AD_Storage_EFresidualMethaneM3CH4PerKgVS",0.054,-7.86594233983685,0.004,-130.675515239837,0.074,41.2578868201631
"Coffee","AD","AD_Storage_IPCC_EF3",0.005,-7.86594233983685,0.0025,-16.0429702059083,0.01,8.488113392306
"Coffee","AD","AD_Storage_IPCC_FracGasMS",0.26,-7.86594233983685,0.05,-4.72954808983685,0.5,-11.4503929112654
"Coffee","AD","IPCC_EF4",0.01,-7.86594233983685,0.002,-18.566191082694,0.05,45.6353013744489
"Coffee","AD","AD_CSfactor",0.4,-7.86594233983685,0.15,17.4813411601631,0.48,-15.9770730598368
"Coffee","AD","AD_xportTofield",10,-7.86594233983685,10,-7.86594233983685,30,11.1540576601631
"Coffee","LA","DieselspreadLpertkm",0.3,-3.8278259428571,0.3,-3.8278259428571,0.6,15.1921740571429
"Coffee","LA","LA_xportToField",20,-3.8278259428571,10,-13.3378259428571,20,-3.8278259428571
"Coffee","LA","LandApplication_EF1",0.0125,-3.8278259428571,0.005,-28.7198438,0.05,120.632263342857
"Coffee","LA","LandApplication_FracGasM",0.2,-3.8278259428571,0.05,-8.80622951428568,0.5,6.12898120000004
"Coffee","LA","IPCC_EF4",0.01,-3.8278259428571,0.002,-9.13812308571425,0.05,22.7236597714286
"Coffee","CM","Compost_dieseLlpert",3,37.4710826167086,0.4,29.2290826167086,6,46.9810826167086
"Coffee","CM","CompostPercentCdegraded",0.58,37.4710826167086,0.4,18.8892195127086,0.83,63.2792258167086
"Coffee","CM","Compost_degradedC_CH4",0.02,37.4710826167086,0.008,1.54614728230859,0.036,85.3709963959085
"Coffee","CM","Compost_N2OperN",0.005,37.4710826167086,0.001,24.1953397595657,0.018,80.6172469024229
"Coffee","CM","Compost_CS_factor",0.7,37.4710826167086,0.25,83.0961929167086,0.9,17.1932558167086
"Coffee","CM","Compost_mass_reduction",0.4,37.4710826167086,NA,NA,NA,NA
"Coffee","CM","Compost_xportToField",30,37.4710826167086,10,18.4510826167086,60,66.0010826167086
"Coffee","CM","Compost_N_loss",0.38,37.4710826167086,0.26,42.6051288659886,0.51,31.9091991799886
"Coffee","CM","Compost_EF1",0.015,37.4710826167086,NA,NA,NA,NA
"Coffee","CM","Compost_FracGasC",0.016,37.4710826167086,NA,NA,NA,NA
"Food waste","AD","DieselprovisionkgCO2eperL",0.45,-1.12788720457604,0.4,-1.27788720457605,0.5,-0.977887204576042
"Food waste","CM","DieselprovisionkgCO2eperL",0.45,42.7454945344,0.4,42.1454945344,0.5,43.3454945344
"Food waste","AF","DieselprovisionkgCO2eperL",0.45,-183.471074380165,0.4,-183.471074380165,0.5,-183.471074380165
"Food waste","LF","DieselprovisionkgCO2eperL",0.45,439.799735313987,0.4,439.508235313987,0.5,440.091235313987
"Food waste","LA","DieselprovisionkgCO2eperL",0.45,-3.22969999999999,0.4,-3.5297,0.5,-2.9297
"Food waste","AD","DieselcombustionkgCO2eperL",2.72,-1.12788720457604,NA,NA,NA,NA
"Food waste","CM","DieselcombustionkgCO2eperL",2.72,42.7454945344,NA,NA,NA,NA
"Food waste","AF","DieselcombustionkgCO2eperL",2.72,-183.471074380165,NA,-183.471074380165,NA,-183.471074380165
"Food waste","LF","DieselcombustionkgCO2eperL",2.72,439.799735313987,NA,NA,NA,NA
"Food waste","LA","DieselcombustionkgCO2eperL",2.72,-3.22969999999999,NA,NA,NA,NA
"Food waste","AD","EFGrid",-692.15,-1.12788720457604,-918.79,-64.4306658609856,-537.18,42.1567563198848
"Food waste","CM","EFGrid",-692.15,42.7454945344,-918.79,42.7454945344,-537.18,42.7454945344
"Food waste","AF","EFGrid",-692.15,-183.471074380165,-918.79,-183.471074380165,-537.18,-183.471074380165
"Food waste","LF","EFGrid",-692.15,439.799735313987,-918.79,413.914350891253,-537.18,457.499426559976
"Food waste","LA","EFGrid",-692.15,-3.22969999999999,-918.79,-3.22969999999999,-537.18,-3.22969999999999
"Food waste","AD","LA_DisplacedFertilizer_Production_Factor",-6.8,-1.12788720457604,-13,-1.12788720457604,-4.7,-1.12788720457604
"Food waste","CM","LA_DisplacedFertilizer_Production_Factor",-6.8,42.7454945344,-13,41.1955937344,-4.7,43.2704609344
"Food waste","AF","LA_DisplacedFertilizer_Production_Factor",-6.8,-183.471074380165,-13,-183.471074380165,-4.7,-183.471074380165
"Food waste","LF","LA_DisplacedFertilizer_Production_Factor",-6.8,439.799735313987,-13,439.799735313987,-4.7,439.799735313987
"Food waste","LA","LA_DisplacedFertilizer_Production_Factor",-6.8,-3.22969999999999,-13,-3.22969999999999,-4.7,-3.22969999999999
"Food waste","AD","N_availabilityfactor",0.4,-1.12788720457604,0.2,-1.12788720457604,0.6,-1.12788720457604
"Food waste","CM","N_availabilityfactor",0.4,42.7454945344,0.2,44.2703969344,0.6,41.2205921344
"Food waste","AF","N_availabilityfactor",0.4,-183.471074380165,0.2,-183.471074380165,0.6,-183.471074380165
"Food waste","LF","N_availabilityfactor",0.4,439.799735313987,0.2,439.799735313987,0.6,439.799735313987
"Food waste","LA","N_availabilityfactor",0.4,-3.22969999999999,0.2,-3.22969999999999,0.6,-3.22969999999999
"Food waste","AD","DieselspreadLpertkm",0.3,-1.12788720457604,0.3,-1.12788720457604,0.6,8.38211279542396
"Food waste","CM","DieselspreadLpertkm",0.3,42.7454945344,0.3,42.7454945344,0.6,71.2754945344
"Food waste","AF","DieselspreadLpertkm",0.3,-183.471074380165,0.3,-183.471074380165,0.6,-183.471074380165
"Food waste","LF","DieselspreadLpertkm",0.3,439.799735313987,0.3,439.799735313987,0.6,439.799735313987
"Food waste","LA","DieselspreadLpertkm",0.3,-3.22969999999999,0.3,-3.22969999999999,0.6,15.7903
"Food waste","AD","EF_Peat_kgCO2eperton",-388,-1.12788720457604,-1197,-1.12788720457604,-550,-1.12788720457604
"Food waste","CM","EF_Peat_kgCO2eperton",-388,42.7454945344,-1197,-25.2105054656,-550,29.1374945344
"Food waste","AF","EF_Peat_kgCO2eperton",-388,-183.471074380165,-1197,-183.471074380165,-550,-183.471074380165
"Food waste","LF","EF_Peat_kgCO2eperton",-388,439.799735313987,-1197,439.799735313987,-550,439.799735313987
"Food waste","LA","EF_Peat_kgCO2eperton",-388,-3.22969999999999,-1197,-3.22969999999999,-550,-3.22969999999999
"Food waste","LF","LFDieseluseLpert",5.83,439.799735313987,4,433.998635313987,10,453.018635313987
"Food waste","LF","Landfill_Oxidation_Factor",0.1,439.799735313987,0.1,439.799735313987,0.2,384.087553612433
"Food waste","LF","Heating_value",11700,439.799735313987,8979,415.843484519874,13648,451.083089462986
"Food waste","LF","Landfill_CF",0.85,439.799735313987,0.8,444.449910982109,0.9,435.149559645864
"Food waste","LF","LCEMax",0.9,439.799735313987,0.85,446.499108594612,0.95,433.100362033361
"Food waste","LF","BMP_Correctionfactor",1,439.799735313987,0.7,289.376844719791,1,439.799735313987
"Food waste","LF","k",0.144,439.799735313987,0.1,352.542691701494,0.229,548.364561590913
"Food waste","AD","AD_MCFactor",0.84,-1.12788720457604,0.7,22.80312232952,1,-28.4776123864
"Food waste","AD","AD_Digester_CH4Leaks",0.03,-1.12788720457604,0,-43.760662564576,0.1,98.348588635424
"Food waste","AD","AD_Digester_CH4incompleteCombustion",0.005,-1.12788720457604,NA,NA,NA,NA
"Food waste","AD","AD_Digester_conversion_KwHPerM3",4.19,-1.12788720457604,3.6,26.09438824256,4.5,-15.4311166768
"Food waste","AD","AD_Digester_parasiticLoad",0.12,-1.12788720457604,0.1,-5.52162118468001,0.2,16.4470487158399
"Food waste","AD","AD_reductionInVS",0.55,-1.12788720457604,0.4,39.900232795424,0.7,-42.156007204576
"Food waste","AD","AD_Storage_EFresidualMethaneM3CH4PerKgVS",0.054,-1.12788720457604,0.004,-115.094887204576,0.074,44.458912795424
"Food waste","AD","AD_Storage_IPCC_EF3",0.005,-1.12788720457604,0.0025,-6.87335220457602,0.01,10.363042795424
"Food waste","AD","AD_Storage_IPCC_FracGasMS",0.26,-1.12788720457604,0.05,1.07585279542396,0.5,-3.64644720457604
"Food waste","AD","IPCC_EF4",0.01,-1.12788720457604,0.002,-8.64625520457604,0.05,36.463952795424
"Food waste","AD","AD_CSfactor",0.4,-1.12788720457604,0.15,18.894862795424,0.48,-7.53516720457604
"Food waste","AD","AD_xportTofield",10,-1.12788720457604,10,-1.12788720457604,30,17.892112795424
"Food waste","LA","DieselspreadLpertkm",0.3,-3.22969999999999,0.3,-3.22969999999999,0.6,15.7903
"Food waste","LA","LA_xportToField",20,-3.22969999999999,10,-12.7397,20,-3.22969999999999
"Food waste","LA","LandApplication_EF1",0.0125,-3.22969999999999,0.005,-20.7197,0.05,84.2203
"Food waste","LA","LandApplication_FracGasM",0.2,-3.22969999999999,0.05,-6.7277,0.5,3.76630000000001
"Food waste","LA","IPCC_EF4",0.01,-3.22969999999999,0.002,-6.9609,0.05,15.4263
"Food waste","CM","Compost_dieseLlpert",3,42.7454945344,0.4,34.5034945344,6,52.2554945344
"Food waste","CM","CompostPercentCdegraded",0.58,42.7454945344,0.4,23.1741665344,0.83,69.9278945344
"Food waste","CM","Compost_degradedC_CH4",0.02,42.7454945344,0.008,4.90759373440001,0.036,93.1960289344
"Food waste","CM","Compost_N2OperN",0.005,42.7454945344,0.001,33.4174945344,0.018,73.0614945344
"Food waste","CM","Compost_CS_factor",0.7,42.7454945344,0.25,78.7864445344,0.9,26.7272945344
"Food waste","CM","Compost_mass_reduction",0.4,42.7454945344,NA,NA,NA,NA
"Food waste","CM","Compost_xportToField",30,42.7454945344,10,23.7254945344,60,71.2754945344
"Food waste","CM","Compost_N_loss",0.38,42.7454945344,0.26,46.3528545088,0.51,38.8375212288
"Food waste","CM","Compost_EF1",0.015,42.7454945344,NA,NA,NA,NA
"Food waste","CM","Compost_FracGasC",0.016,42.7454945344,NA,NA,NA,NA
"Fresh produce","AD","DieselprovisionkgCO2eperL",0.45,2.72227164978987,0.4,2.57227164978986,0.5,2.87227164978986
"Fresh produce","CM","DieselprovisionkgCO2eperL",0.45,24.375932261568,0.4,23.775932261568,0.5,24.975932261568
"Fresh produce","AF","DieselprovisionkgCO2eperL",0.45,-41.2045454545455,0.4,-41.2045454545455,0.5,-41.2045454545455
"Fresh produce","LF","DieselprovisionkgCO2eperL",0.45,183.092597000172,0.4,182.801097000172,0.5,183.384097000172
"Fresh produce","LA","DieselprovisionkgCO2eperL",0.45,24.81010652,0.4,24.51010652,0.5,25.11010652
"Fresh produce","AD","DieselcombustionkgCO2eperL",2.72,2.72227164978987,NA,NA,NA,NA
"Fresh produce","CM","DieselcombustionkgCO2eperL",2.72,24.375932261568,NA,NA,NA,NA
"Fresh produce","AF","DieselcombustionkgCO2eperL",2.72,-41.2045454545455,NA,-41.2045454545455,NA,-41.2045454545455
"Fresh produce","LF","DieselcombustionkgCO2eperL",2.72,183.092597000172,NA,NA,NA,NA
"Fresh produce","LA","DieselcombustionkgCO2eperL",2.72,24.81010652,NA,NA,NA,NA
"Fresh produce","AD","EFGrid",-692.15,2.72227164978987,-918.79,-18.3572714547593,-537.18,17.1358649912653
"Fresh produce","CM","EFGrid",-692.15,24.375932261568,-918.79,24.375932261568,-537.18,24.375932261568
"Fresh produce","AF","EFGrid",-692.15,-41.2045454545455,-918.79,-41.2045454545455,-537.18,-41.2045454545455
"Fresh produce","LF","EFGrid",-692.15,183.092597000172,-918.79,174.472879378004,-537.18,188.986515284267
"Fresh produce","LA","EFGrid",-692.15,24.81010652,-918.79,24.81010652,-537.18,24.81010652
"Fresh produce","AD","LA_DisplacedFertilizer_Production_Factor",-6.8,2.72227164978987,-13,2.72227164978987,-4.7,2.72227164978987
"Fresh produce","CM","LA_DisplacedFertilizer_Production_Factor",-6.8,24.375932261568,-13,24.034954085568,-4.7,24.491424869568
"Fresh produce","AF","LA_DisplacedFertilizer_Production_Factor",-6.8,-41.2045454545455,-13,-41.2045454545455,-4.7,-41.2045454545455
"Fresh produce","LF","LA_DisplacedFertilizer_Production_Factor",-6.8,183.092597000172,-13,183.092597000172,-4.7,183.092597000172
"Fresh produce","LA","LA_DisplacedFertilizer_Production_Factor",-6.8,24.81010652,-13,24.81010652,-4.7,24.81010652
"Fresh produce","AD","N_availabilityfactor",0.4,2.72227164978987,0.2,2.72227164978987,0.6,2.72227164978987
"Fresh produce","CM","N_availabilityfactor",0.4,24.375932261568,0.2,24.711410789568,0.6,24.040453733568
"Fresh produce","AF","N_availabilityfactor",0.4,-41.2045454545455,0.2,-41.2045454545455,0.6,-41.2045454545455
"Fresh produce","LF","N_availabilityfactor",0.4,183.092597000172,0.2,183.092597000172,0.6,183.092597000172
"Fresh produce","LA","N_availabilityfactor",0.4,24.81010652,0.2,24.81010652,0.6,24.81010652
"Fresh produce","AD","DieselspreadLpertkm",0.3,2.72227164978987,0.3,2.72227164978987,0.6,12.2322716497899
"Fresh produce","CM","DieselspreadLpertkm",0.3,24.375932261568,0.3,24.375932261568,0.6,52.905932261568
"Fresh produce","AF","DieselspreadLpertkm",0.3,-41.2045454545455,0.3,-41.2045454545455,0.6,-41.2045454545455
"Fresh produce","LF","DieselspreadLpertkm",0.3,183.092597000172,0.3,183.092597000172,0.6,183.092597000172
"Fresh produce","LA","DieselspreadLpertkm",0.3,24.81010652,0.3,24.81010652,0.6,43.83010652
"Fresh produce","AD","EF_Peat_kgCO2eperton",-388,2.72227164978987,-1197,2.72227164978987,-550,2.72227164978987
"Fresh produce","CM","EF_Peat_kgCO2eperton",-388,24.375932261568,-1197,-43.580067738432,-550,10.767932261568
"Fresh produce","AF","EF_Peat_kgCO2eperton",-388,-41.2045454545455,-1197,-41.2045454545455,-550,-41.2045454545455
"Fresh produce","LF","EF_Peat_kgCO2eperton",-388,183.092597000172,-1197,183.092597000172,-550,183.092597000172
"Fresh produce","LA","EF_Peat_kgCO2eperton",-388,24.81010652,-1197,24.81010652,-550,24.81010652
"Fresh produce","LF","LFDieseluseLpert",5.83,183.092597000172,4,177.291497000172,10,196.311497000172
"Fresh produce","LF","Landfill_Oxidation_Factor",0.1,183.092597000172,0.1,183.092597000172,0.2,164.540688844597
"Fresh produce","LF","Heating_value",11700,183.092597000172,8979,175.115272276737,13648,186.849903633403
"Fresh produce","LF","Landfill_CF",0.85,183.092597000172,0.8,184.641084768331,0.9,181.544109232013
"Fresh produce","LF","LCEMax",0.9,183.092597000172,0.85,185.323458438481,0.95,180.861735561863
"Fresh produce","LF","BMP_Correctionfactor",1,183.092597000172,0.7,133.00244498012,1,183.092597000172
"Fresh produce","LF","k",0.144,183.092597000172,0.1,154.0363904474,0.229,219.244200195408
"Fresh produce","AD","AD_MCFactor",0.84,2.72227164978987,0.7,10.6911911461582,1,-6.38506491748825
"Fresh produce","AD","AD_Digester_CH4Leaks",0.03,2.72227164978987,0,-11.4742524987861,0.1,35.8474946631339
"Fresh produce","AD","AD_Digester_CH4incompleteCombustion",0.005,2.72227164978987,NA,NA,NA,NA
"Fresh produce","AD","AD_Digester_conversion_KwHPerM3",4.19,2.72227164978987,3.6,11.7871680235561,4.5,-2.04064000422287
"Fresh produce","AD","AD_Digester_parasiticLoad",0.12,2.72227164978987,0.1,1.259177820588,0.2,8.57464696659733
"Fresh produce","AD","AD_reductionInVS",0.55,2.72227164978987,0.4,13.6389426457899,0.7,-8.19439934621012
"Fresh produce","AD","AD_Storage_EFresidualMethaneM3CH4PerKgVS",0.054,2.72227164978987,0.004,-27.6018144502101,0.074,14.8519060897899
"Fresh produce","AD","AD_Storage_IPCC_EF3",0.005,2.72227164978987,0.0025,1.45826934978986,0.01,5.25027624978986
"Fresh produce","AD","AD_Storage_IPCC_FracGasMS",0.26,2.72227164978987,0.05,3.20709444978986,0.5,2.16818844978987
"Fresh produce","AD","IPCC_EF4",0.01,2.72227164978987,0.002,1.06823068978986,0.05,10.9924764497899
"Fresh produce","AD","AD_CSfactor",0.4,2.72227164978987,0.15,3.31119074978987,0.48,2.53381753778987
"Fresh produce","AD","AD_xportTofield",10,2.72227164978987,10,2.72227164978987,30,21.7422716497899
"Fresh produce","LA","DieselspreadLpertkm",0.3,24.81010652,0.3,24.81010652,0.6,43.83010652
"Fresh produce","LA","LA_xportToField",20,24.81010652,10,15.30010652,20,24.81010652
"Fresh produce","LA","LandApplication_EF1",0.0125,24.81010652,0.005,20.96230652,0.05,44.04910652
"Fresh produce","LA","LandApplication_FracGasM",0.2,24.81010652,0.05,24.04054652,0.5,26.34922652
"Fresh produce","LA","IPCC_EF4",0.01,24.81010652,0.002,23.98924252,0.05,28.91442652
"Fresh produce","CM","Compost_dieseLlpert",3,24.375932261568,0.4,16.133932261568,6,33.885932261568
"Fresh produce","CM","CompostPercentCdegraded",0.58,24.375932261568,0.4,20.058619877568,0.83,30.372199461568
"Fresh produce","CM","Compost_degradedC_CH4",0.02,24.375932261568,0.008,16.029128319168,0.036,35.505004184768
"Fresh produce","CM","Compost_N2OperN",0.005,24.375932261568,0.001,22.323772261568,0.018,31.045452261568
"Fresh produce","CM","Compost_CS_factor",0.7,24.375932261568,0.25,25.435986641568,0.9,23.904796981568
"Fresh produce","CM","Compost_mass_reduction",0.4,24.375932261568,NA,NA,NA,NA
"Fresh produce","CM","Compost_xportToField",30,24.375932261568,10,5.355932261568,60,52.905932261568
"Fresh produce","CM","Compost_N_loss",0.38,24.375932261568,0.26,25.169551455936,0.51,23.516178134336
"Fresh produce","CM","Compost_EF1",0.015,24.375932261568,NA,NA,NA,NA
"Fresh produce","CM","Compost_FracGasC",0.016,24.375932261568,NA,NA,NA,NA
"Post consumer","AD","DieselprovisionkgCO2eperL",0.45,-73.8446224037037,0.4,-73.9946224037037,0.5,-73.6946224037037
"Post consumer","CM","DieselprovisionkgCO2eperL",0.45,107.953408710818,0.4,107.353408710818,0.5,108.553408710818
"Post consumer","AF","DieselprovisionkgCO2eperL",0.45,-284.99173553719,0.4,-284.99173553719,0.5,-284.99173553719
"Post consumer","LF","DieselprovisionkgCO2eperL",0.45,1128.47754921524,0.4,1128.18604921524,0.5,1128.76904921524
"Post consumer","LA","DieselprovisionkgCO2eperL",0.45,26.4419274485714,0.4,26.1419274485714,0.5,26.7419274485714
"Post consumer","AD","DieselcombustionkgCO2eperL",2.72,-73.8446224037037,NA,NA,NA,NA
"Post consumer","CM","DieselcombustionkgCO2eperL",2.72,107.953408710818,NA,NA,NA,NA
"Post consumer","AF","DieselcombustionkgCO2eperL",2.72,-284.99173553719,NA,-284.99173553719,NA,-284.99173553719
"Post consumer","LF","DieselcombustionkgCO2eperL",2.72,1128.47754921524,NA,NA,NA,NA
"Post consumer","LA","DieselcombustionkgCO2eperL",2.72,26.4419274485714,NA,NA,NA,NA
"Post consumer","AD","EFGrid",-692.15,-73.8446224037037,-918.79,-227.258561113051,-537.18,31.05547502741
"Post consumer","CM","EFGrid",-692.15,107.953408710818,-918.79,107.953408710818,-537.18,107.953408710818
"Post consumer","AF","EFGrid",-692.15,-284.99173553719,-918.79,-284.99173553719,-537.18,-284.99173553719
"Post consumer","LF","EFGrid",-692.15,1128.47754921524,-918.79,1065.74446129107,-537.18,1171.37265438472
"Post consumer","LA","EFGrid",-692.15,26.4419274485714,-918.79,26.4419274485714,-537.18,26.4419274485714
"Post consumer","AD","LA_DisplacedFertilizer_Production_Factor",-6.8,-73.8446224037037,-13,-73.8446224037037,-4.7,-73.8446224037037
"Post consumer","CM","LA_DisplacedFertilizer_Production_Factor",-6.8,107.953408710818,-13,104.238905382818,-4.7,109.211546934818
"Post consumer","AF","LA_DisplacedFertilizer_Production_Factor",-6.8,-284.99173553719,-13,-284.99173553719,-4.7,-284.99173553719
"Post consumer","LF","LA_DisplacedFertilizer_Production_Factor",-6.8,1128.47754921524,-13,1128.47754921524,-4.7,1128.47754921524
"Post consumer","LA","LA_DisplacedFertilizer_Production_Factor",-6.8,26.4419274485714,-13,26.4419274485714,-4.7,26.4419274485714
"Post consumer","AD","N_availabilityfactor",0.4,-73.8446224037037,0.2,-73.8446224037037,0.6,-73.8446224037037
"Post consumer","CM","N_availabilityfactor",0.4,107.953408710818,0.2,111.608000694818,0.6,104.298816726818
"Post consumer","AF","N_availabilityfactor",0.4,-284.99173553719,0.2,-284.99173553719,0.6,-284.99173553719
"Post consumer","LF","N_availabilityfactor",0.4,1128.47754921524,0.2,1128.47754921524,0.6,1128.47754921524
"Post consumer","LA","N_availabilityfactor",0.4,26.4419274485714,0.2,26.4419274485714,0.6,26.4419274485714
"Post consumer","AD","DieselspreadLpertkm",0.3,-73.8446224037037,0.3,-73.8446224037037,0.6,-64.3346224037037
"Post consumer","CM","DieselspreadLpertkm",0.3,107.953408710818,0.3,107.953408710818,0.6,136.483408710818
"Post consumer","AF","DieselspreadLpertkm",0.3,-284.99173553719,0.3,-284.99173553719,0.6,-284.99173553719
"Post consumer","LF","DieselspreadLpertkm",0.3,1128.47754921524,0.3,1128.47754921524,0.6,1128.47754921524
"Post consumer","LA","DieselspreadLpertkm",0.3,26.4419274485714,0.3,26.4419274485714,0.6,45.4619274485714
"Post consumer","AD","EF_Peat_kgCO2eperton",-388,-73.8446224037037,-1197,-73.8446224037037,-550,-73.8446224037037
"Post consumer","CM","EF_Peat_kgCO2eperton",-388,107.953408710818,-1197,39.9974087108183,-550,94.3454087108183
"Post consumer","AF","EF_Peat_kgCO2eperton",-388,-284.99173553719,-1197,-284.99173553719,-550,-284.99173553719
"Post consumer","LF","EF_Peat_kgCO2eperton",-388,1128.47754921524,-1197,1128.47754921524,-550,1128.47754921524
"Post consumer","LA","EF_Peat_kgCO2eperton",-388,26.4419274485714,-1197,26.4419274485714,-550,26.4419274485714
"Post consumer","LF","LFDieseluseLpert",5.83,1128.47754921524,4,1122.67644921524,10,1141.69644921524
"Post consumer","LF","Landfill_Oxidation_Factor",0.1,1128.47754921524,0.1,1128.47754921524,0.2,993.45938081355
"Post consumer","LF","Heating_value",11700,1128.47754921524,8979,1070.41970611515,13648,1155.82269643612
"Post consumer","LF","Landfill_CF",0.85,1128.47754921524,0.8,1139.74722457672,0.9,1117.20787385377
"Post consumer","LF","LCEMax",0.9,1128.47754921524,0.85,1144.7134438107,0.95,1112.24165461979
"Post consumer","LF","BMP_Correctionfactor",1,1128.47754921524,0.7,763.92849453067,1,1128.47754921524
"Post consumer","LF","k",0.144,1128.47754921524,0.1,917.010580073432,0.229,1391.58381339426
"Post consumer","AD","AD_MCFactor",0.84,-73.8446224037037,0.7,-15.8479513595507,1,-140.12653216845
"Post consumer","AD","AD_Digester_CH4Leaks",0.03,-73.8446224037037,0,-177.16492089468,0.1,167.23607407524
"Post consumer","AD","AD_Digester_CH4incompleteCombustion",0.005,-73.8446224037037,NA,NA,NA,NA
"Post consumer","AD","AD_Digester_conversion_KwHPerM3",4.19,-73.8446224037037,3.6,-7.87158637563927,4.5,-108.508420994721
"Post consumer","AD","AD_Digester_parasiticLoad",0.12,-73.8446224037037,0.1,-84.4928127333489,0.2,-31.2518610851228
"Post consumer","AD","AD_reductionInVS",0.55,-73.8446224037037,0.4,-5.08665978770369,0.7,-142.602585019704
"Post consumer","AD","AD_Storage_EFresidualMethaneM3CH4PerKgVS",0.054,-73.8446224037037,0.004,-264.838963003704,0.074,2.55311383629635
"Post consumer","AD","AD_Storage_IPCC_EF3",0.005,-73.8446224037037,0.0025,-87.6142448617394,0.01,-46.3053774876323
"Post consumer","AD","AD_Storage_IPCC_FracGasMS",0.26,-73.8446224037037,0.05,-68.5631233787037,0.5,-79.880621289418
"Post consumer","AD","IPCC_EF4",0.01,-73.8446224037037,0.002,-91.8631968551323,0.05,16.2482498534392
"Post consumer","AD","AD_CSfactor",0.4,-73.8446224037037,0.15,-47.5528558037037,0.48,-82.2579877157037
"Post consumer","AD","AD_xportTofield",10,-73.8446224037037,10,-73.8446224037037,30,-54.8246224037037
"Post consumer","LA","DieselspreadLpertkm",0.3,26.4419274485714,0.3,26.4419274485714,0.6,45.4619274485714
"Post consumer","LA","LA_xportToField",20,26.4419274485714,10,16.9319274485714,20,26.4419274485714
"Post consumer","LA","LandApplication_EF1",0.0125,26.4419274485714,0.005,-15.47473148,0.05,236.025222091429
"Post consumer","LA","LandApplication_FracGasM",0.2,26.4419274485714,0.05,18.0585956628572,0.5,43.20859102
"Post consumer","LA","IPCC_EF4",0.01,26.4419274485714,0.002,17.4997068771429,0.05,71.1530303057143
"Post consumer","CM","Compost_dieseLlpert",3,107.953408710818,0.4,99.7114087108183,6,117.463408710818
"Post consumer","CM","CompostPercentCdegraded",0.58,107.953408710818,0.4,75.8296502468183,0.83,152.569739910818
"Post consumer","CM","Compost_degradedC_CH4",0.02,107.953408710818,0.008,45.8474756804183,0.036,190.761319418018
"Post consumer","CM","Compost_N2OperN",0.005,107.953408710818,0.001,85.5978572822468,0.018,180.608950853675
"Post consumer","CM","Compost_CS_factor",0.7,107.953408710818,0.25,155.278588590818,0.9,86.9199954308183
"Post consumer","CM","Compost_mass_reduction",0.4,107.953408710818,NA,NA,NA,NA
"Post consumer","CM","Compost_xportToField",30,107.953408710818,10,88.9334087108183,60,136.483408710818
"Post consumer","CM","Compost_N_loss",0.38,107.953408710818,0.26,116.598833392322,0.51,98.5875319725223
"Post consumer","CM","Compost_EF1",0.015,107.953408710818,NA,NA,NA,NA
"Post consumer","CM","Compost_FracGasC",0.016,107.953408710818,NA,NA,NA,NA
"Prep waste","AD","DieselprovisionkgCO2eperL",0.45,-15.9639537749438,0.4,-16.1139537749438,0.5,-15.8139537749438
"Prep waste","CM","DieselprovisionkgCO2eperL",0.45,-31.6844490824365,0.4,-32.2844490824366,0.5,-31.0844490824366
"Prep waste","AF","DieselprovisionkgCO2eperL",0.45,-71.0568181818182,0.4,-71.0568181818182,0.5,-71.0568181818182
"Prep waste","LF","DieselprovisionkgCO2eperL",0.45,127.062757398523,0.4,126.771257398523,0.5,127.354257398523
"Prep waste","LA","DieselprovisionkgCO2eperL",0.45,-42.4619210971428,0.4,-42.7619210971428,0.5,-42.1619210971428
"Prep waste","AD","DieselcombustionkgCO2eperL",2.72,-15.9639537749438,NA,NA,NA,NA
"Prep waste","CM","DieselcombustionkgCO2eperL",2.72,-31.6844490824365,NA,NA,NA,NA
"Prep waste","AF","DieselcombustionkgCO2eperL",2.72,-71.0568181818182,NA,-71.0568181818182,NA,-71.0568181818182
"Prep waste","LF","DieselcombustionkgCO2eperL",2.72,127.062757398523,NA,NA,NA,NA
"Prep waste","LA","DieselcombustionkgCO2eperL",2.72,-42.4619210971428,NA,NA,NA,NA
"Prep waste","AD","EFGrid",-692.15,-15.9639537749438,-918.79,-41.2597946671857,-537.18,1.33262433602841
"Prep waste","CM","EFGrid",-692.15,-31.6844490824365,-918.79,-31.6844490824365,-537.18,-31.6844490824365
"Prep waste","AF","EFGrid",-692.15,-71.0568181818182,-918.79,-71.0568181818182,-537.18,-71.0568181818182
"Prep waste","LF","EFGrid",-692.15,127.062757398523,-918.79,116.718937116225,-537.18,134.135568151911
"Prep waste","LA","EFGrid",-692.15,-42.4619210971428,-918.79,-42.4619210971428,-537.18,-42.4619210971428
"Prep waste","AD","LA_DisplacedFertilizer_Production_Factor",-6.8,-15.9639537749438,-13,-15.9639537749438,-4.7,-15.9639537749438
"Prep waste","CM","LA_DisplacedFertilizer_Production_Factor",-6.8,-31.6844490824365,-13,-31.8112088264365,-4.7,-31.6415143304365
"Prep waste","AF","LA_DisplacedFertilizer_Production_Factor",-6.8,-71.0568181818182,-13,-71.0568181818182,-4.7,-71.0568181818182
"Prep waste","LF","LA_DisplacedFertilizer_Production_Factor",-6.8,127.062757398523,-13,127.062757398523,-4.7,127.062757398523
"Prep waste","LA","LA_DisplacedFertilizer_Production_Factor",-6.8,-42.4619210971428,-13,-42.4619210971428,-4.7,-42.4619210971428
"Prep waste","AD","N_availabilityfactor",0.4,-15.9639537749438,0.2,-15.9639537749438,0.6,-15.9639537749438
"Prep waste","CM","N_availabilityfactor",0.4,-31.6844490824365,0.2,-31.5597338504365,0.6,-31.8091643144365
"Prep waste","AF","N_availabilityfactor",0.4,-71.0568181818182,0.2,-71.0568181818182,0.6,-71.0568181818182
"Prep waste","LF","N_availabilityfactor",0.4,127.062757398523,0.2,127.062757398523,0.6,127.062757398523
"Prep waste","LA","N_availabilityfactor",0.4,-42.4619210971428,0.2,-42.4619210971428,0.6,-42.4619210971428
"Prep waste","AD","DieselspreadLpertkm",0.3,-15.9639537749438,0.3,-15.9639537749438,0.6,-6.45395377494376
"Prep waste","CM","DieselspreadLpertkm",0.3,-31.6844490824365,0.3,-31.6844490824365,0.6,-3.15444908243654
"Prep waste","AF","DieselspreadLpertkm",0.3,-71.0568181818182,0.3,-71.0568181818182,0.6,-71.0568181818182
"Prep waste","LF","DieselspreadLpertkm",0.3,127.062757398523,0.3,127.062757398523,0.6,127.062757398523
"Prep waste","LA","DieselspreadLpertkm",0.3,-42.4619210971428,0.3,-42.4619210971428,0.6,-23.4419210971428
"Prep waste","AD","EF_Peat_kgCO2eperton",-388,-15.9639537749438,-1197,-15.9639537749438,-550,-15.9639537749438
"Prep waste","CM","EF_Peat_kgCO2eperton",-388,-31.6844490824365,-1197,-99.6404490824365,-550,-45.2924490824365
"Prep waste","AF","EF_Peat_kgCO2eperton",-388,-71.0568181818182,-1197,-71.0568181818182,-550,-71.0568181818182
"Prep waste","LF","EF_Peat_kgCO2eperton",-388,127.062757398523,-1197,127.062757398523,-550,127.062757398523
"Prep waste","LA","EF_Peat_kgCO2eperton",-388,-42.4619210971428,-1197,-42.4619210971428,-550,-42.4619210971428
"Prep waste","LF","LFDieseluseLpert",5.83,127.062757398523,4,121.261657398523,10,140.281657398523
"Prep waste","LF","Landfill_Oxidation_Factor",0.1,127.062757398523,0.1,127.062757398523,0.2,104.800125109798
"Prep waste","LF","Heating_value",11700,127.062757398523,8979,117.489820454449,13648,131.571594725129
"Prep waste","LF","Landfill_CF",0.85,127.062757398523,0.8,128.92097130822,0.9,125.204543488826
"Prep waste","LF","LCEMax",0.9,127.062757398523,0.85,129.739832310262,0.95,124.385682486784
"Prep waste","LF","BMP_Correctionfactor",1,127.062757398523,0.7,66.9536502189662,1,127.062757398523
"Prep waste","LF","k",0.144,127.062757398523,0.1,92.1947731046687,0.229,170.445348657287
"Prep waste","AD","AD_MCFactor",0.84,-15.9639537749438,0.7,-6.40110325852455,1,-26.8929257937086
"Prep waste","AD","AD_Digester_CH4Leaks",0.03,-15.9639537749438,0,-33.0000448469438,0.1,23.7869253930562
"Prep waste","AD","AD_Digester_CH4incompleteCombustion",0.005,-15.9639537749438,NA,NA,NA,NA
"Prep waste","AD","AD_Digester_conversion_KwHPerM3",4.19,-15.9639537749438,3.6,-5.08591077191656,4.5,-21.6795356917886
"Prep waste","AD","AD_Digester_parasiticLoad",0.12,-15.9639537749438,0.1,-17.7196933813646,0.2,-8.94099534926056
"Prep waste","AD","AD_reductionInVS",0.55,-15.9639537749438,0.4,5.76575422505623,0.7,-37.6936617749438
"Prep waste","AD","AD_Storage_EFresidualMethaneM3CH4PerKgVS",0.054,-15.9639537749438,0.004,-76.3242537749438,0.074,8.18016622505623
"Prep waste","AD","AD_Storage_IPCC_EF3",0.005,-15.9639537749438,0.0025,-16.4338507338723,0.01,-15.0241598570866
"Prep waste","AD","AD_Storage_IPCC_FracGasMS",0.26,-15.9639537749438,0.05,-15.7837193249438,0.5,-16.1699360035152
"Prep waste","AD","IPCC_EF4",0.01,-15.9639537749438,0.002,-16.5788488720866,0.05,-12.8894782892295
"Prep waste","AD","AD_CSfactor",0.4,-15.9639537749438,0.15,6.98155452505624,0.48,-23.3065164309437
"Prep waste","AD","AD_xportTofield",10,-15.9639537749438,10,-15.9639537749438,30,3.05604622505625
"Prep waste","LA","DieselspreadLpertkm",0.3,-42.4619210971428,0.3,-42.4619210971428,0.6,-23.4419210971428
"Prep waste","LA","LA_xportToField",20,-42.4619210971428,10,-51.9719210971428,20,-42.4619210971428
"Prep waste","LA","LandApplication_EF1",0.0125,-42.4619210971428,0.005,-43.89235324,0.05,-35.3097603828571
"Prep waste","LA","LandApplication_FracGasM",0.2,-42.4619210971428,0.05,-42.7480075257143,0.5,-41.88974824
"Prep waste","LA","IPCC_EF4",0.01,-42.4619210971428,0.002,-42.7670799542857,0.05,-40.9361268114285
"Prep waste","CM","Compost_dieseLlpert",3,-31.6844490824365,0.4,-39.9264490824365,6,-22.1744490824365
"Prep waste","CM","CompostPercentCdegraded",0.58,-31.6844490824365,0.4,-39.3304234184365,0.83,-21.0650402824365
"Prep waste","CM","Compost_degradedC_CH4",0.02,-31.6844490824365,0.008,-46.4666661320365,0.036,-11.9748263496366
"Prep waste","CM","Compost_N2OperN",0.005,-31.6844490824365,0.001,-32.4473462252937,0.018,-29.2050333681508
"Prep waste","CM","Compost_CS_factor",0.7,-31.6844490824365,0.25,9.61746585756343,0.9,-50.0408557224366
"Prep waste","CM","Compost_mass_reduction",0.4,-31.6844490824365,NA,NA,NA,NA
"Prep waste","CM","Compost_xportToField",30,-31.6844490824365,10,-50.7044490824366,60,-3.15444908243654
"Prep waste","CM","Compost_N_loss",0.38,-31.6844490824365,0.26,-31.3894185702445,0.51,-32.0040654706445
"Prep waste","CM","Compost_EF1",0.015,-31.6844490824365,NA,NA,NA,NA
"Prep waste","CM","Compost_FracGasC",0.016,-31.6844490824365,NA,NA,NA,NA
"Salad mix","AD","DieselprovisionkgCO2eperL",0.45,12.7085827518721,0.4,12.5585827518721,0.5,12.8585827518721
"Salad mix","CM","DieselprovisionkgCO2eperL",0.45,15.8980167978377,0.4,15.2980167978377,0.5,16.4980167978377
"Salad mix","AF","DieselprovisionkgCO2eperL",0.45,-14.8152892561983,0.4,-14.8152892561983,0.5,-14.8152892561983
"Salad mix","LF","DieselprovisionkgCO2eperL",0.45,84.2651908959994,0.4,83.9736908959994,0.5,84.5566908959994
"Salad mix","LA","DieselprovisionkgCO2eperL",0.45,23.2617357714286,0.4,22.9617357714286,0.5,23.5617357714286
"Salad mix","AD","DieselcombustionkgCO2eperL",2.72,12.7085827518721,NA,NA,NA,NA
"Salad mix","CM","DieselcombustionkgCO2eperL",2.72,15.8980167978377,NA,NA,NA,NA
"Salad mix","AF","DieselcombustionkgCO2eperL",2.72,-14.8152892561983,NA,-14.8152892561983,NA,-14.8152892561983
"Salad mix","LF","DieselcombustionkgCO2eperL",2.72,84.2651908959994,NA,NA,NA,NA
"Salad mix","LA","DieselcombustionkgCO2eperL",2.72,23.2617357714286,NA,NA,NA,NA
"Salad mix","AD","EFGrid",-692.15,12.7085827518721,-918.79,3.64592447017355,-537.18,18.905371288383
"Salad mix","CM","EFGrid",-692.15,15.8980167978377,-918.79,15.8980167978377,-537.18,15.8980167978377
"Salad mix","AF","EFGrid",-692.15,-14.8152892561983,-918.79,-14.8152892561983,-537.18,-14.8152892561983
"Salad mix","LF","EFGrid",-692.15,84.2651908959994,-918.79,80.5593441939623,-537.18,86.7991436996293
"Salad mix","LA","EFGrid",-692.15,23.2617357714286,-918.79,23.2617357714286,-537.18,23.2617357714286
"Salad mix","AD","LA_DisplacedFertilizer_Production_Factor",-6.8,12.7085827518721,-13,12.7085827518721,-4.7,12.7085827518721
"Salad mix","CM","LA_DisplacedFertilizer_Production_Factor",-6.8,15.8980167978377,-13,15.5110951338377,-4.7,16.0290709098377
"Salad mix","AF","LA_DisplacedFertilizer_Production_Factor",-6.8,-14.8152892561983,-13,-14.8152892561983,-4.7,-14.8152892561983
"Salad mix","LF","LA_DisplacedFertilizer_Production_Factor",-6.8,84.2651908959994,-13,84.2651908959994,-4.7,84.2651908959994
"Salad mix","LA","LA_DisplacedFertilizer_Production_Factor",-6.8,23.2617357714286,-13,23.2617357714286,-4.7,23.2617357714286
"Salad mix","AD","N_availabilityfactor",0.4,12.7085827518721,0.2,12.7085827518721,0.6,12.7085827518721
"Salad mix","CM","N_availabilityfactor",0.4,15.8980167978377,0.2,16.2786977898377,0.6,15.5173358058377
"Salad mix","AF","N_availabilityfactor",0.4,-14.8152892561983,0.2,-14.8152892561983,0.6,-14.8152892561983
"Salad mix","LF","N_availabilityfactor",0.4,84.2651908959994,0.2,84.2651908959994,0.6,84.2651908959994
"Salad mix","LA","N_availabilityfactor",0.4,23.2617357714286,0.2,23.2617357714286,0.6,23.2617357714286
"Salad mix","AD","DieselspreadLpertkm",0.3,12.7085827518721,0.3,12.7085827518721,0.6,22.2185827518721
"Salad mix","CM","DieselspreadLpertkm",0.3,15.8980167978377,0.3,15.8980167978377,0.6,44.4280167978377
"Salad mix","AF","DieselspreadLpertkm",0.3,-14.8152892561983,0.3,-14.8152892561983,0.6,-14.8152892561983
"Salad mix","LF","DieselspreadLpertkm",0.3,84.2651908959994,0.3,84.2651908959994,0.6,84.2651908959994
"Salad mix","LA","DieselspreadLpertkm",0.3,23.2617357714286,0.3,23.2617357714286,0.6,42.2817357714286
"Salad mix","AD","EF_Peat_kgCO2eperton",-388,12.7085827518721,-1197,12.7085827518721,-550,12.7085827518721
"Salad mix","CM","EF_Peat_kgCO2eperton",-388,15.8980167978377,-1197,-52.0579832021623,-550,2.29001679783772
"Salad mix","AF","EF_Peat_kgCO2eperton",-388,-14.8152892561983,-1197,-14.8152892561983,-550,-14.8152892561983
"Salad mix","LF","EF_Peat_kgCO2eperton",-388,84.2651908959994,-1197,84.2651908959994,-550,84.2651908959994
"Salad mix","LA","EF_Peat_kgCO2eperton",-388,23.2617357714286,-1197,23.2617357714286,-550,23.2617357714286
"Salad mix","LF","LFDieseluseLpert",5.83,84.2651908959994,4,78.4640908959994,10,97.4840908959994
"Salad mix","LF","Landfill_Oxidation_Factor",0.1,84.2651908959994,0.1,84.2651908959994,0.2,76.2892303519994
"Salad mix","LF","Heating_value",11700,84.2651908959994,8979,80.8355260492774,13648,85.8805573158336
"Salad mix","LF","Landfill_CF",0.85,84.2651908959994,0.8,84.9309271231372,0.9,83.5994546688615
"Salad mix","LF","LCEMax",0.9,84.2651908959994,0.85,85.2242977793384,0.95,83.3060840126604
"Salad mix","LF","BMP_Correctionfactor",1,84.2651908959994,0.7,62.7300974271996,1,84.2651908959994
"Salad mix","LF","k",0.144,84.2651908959994,0.1,71.7731520674444,0.229,99.8077301469226
"Salad mix","AD","AD_MCFactor",0.84,12.7085827518721,0.7,16.1346339671077,1,8.79309564874571
"Salad mix","AD","AD_Digester_CH4Leaks",0.03,12.7085827518721,0,6.60511805587211,0.1,26.9500003758721
"Salad mix","AD","AD_Digester_CH4incompleteCombustion",0.005,12.7085827518721,NA,NA,NA,NA
"Salad mix","AD","AD_Digester_conversion_KwHPerM3",4.19,12.7085827518721,3.6,16.6058236829017,4.5,10.6608798898057
"Salad mix","AD","AD_Digester_parasiticLoad",0.12,12.7085827518721,0.1,12.0795596586127,0.2,15.2246751249097
"Salad mix","AD","AD_reductionInVS",0.55,12.7085827518721,0.4,17.9401239198721,0.7,7.47704158387211
"Salad mix","AD","AD_Storage_EFresidualMethaneM3CH4PerKgVS",0.054,12.7085827518721,0.004,-1.82347604812789,0.074,18.5214062718721
"Salad mix","AD","AD_Storage_IPCC_EF3",0.005,12.7085827518721,0.0025,11.2742684536578,0.01,15.5772113483007
"Salad mix","AD","AD_Storage_IPCC_FracGasMS",0.26,12.7085827518721,0.05,13.2587307018721,0.5,12.0798422375864
"Salad mix","AD","IPCC_EF4",0.01,12.7085827518721,0.002,10.8316758833007,0.05,22.0931170947293
"Salad mix","AD","AD_CSfactor",0.4,12.7085827518721,0.15,14.2084712518721,0.48,12.2286184318721
"Salad mix","AD","AD_xportTofield",10,12.7085827518721,10,12.7085827518721,30,31.7285827518721
"Salad mix","LA","DieselspreadLpertkm",0.3,23.2617357714286,0.3,23.2617357714286,0.6,42.2817357714286
"Salad mix","LA","LA_xportToField",20,23.2617357714286,10,13.7517357714286,20,23.2617357714286
"Salad mix","LA","LandApplication_EF1",0.0125,23.2617357714286,0.005,18.8954822,0.05,45.0930036285714
"Salad mix","LA","LandApplication_FracGasM",0.2,23.2617357714286,0.05,22.3884850571429,0.5,25.0082372
"Salad mix","LA","IPCC_EF4",0.01,23.2617357714286,0.002,22.3302683428571,0.05,27.9190729142857
"Salad mix","CM","Compost_dieseLlpert",3,15.8980167978377,0.4,7.65601679783772,6,25.4080167978377
"Salad mix","CM","CompostPercentCdegraded",0.58,15.8980167978377,0.4,13.6989075498377,0.83,18.9523351978377
"Salad mix","CM","Compost_degradedC_CH4",0.02,15.8980167978377,0.008,11.6464055850377,0.036,21.5668317482377
"Salad mix","CM","Compost_N2OperN",0.005,15.8980167978377,0.001,13.5693482264092,0.018,23.4661896549806
"Salad mix","CM","Compost_CS_factor",0.7,15.8980167978377,0.25,18.5978160978377,0.9,14.6981059978377
"Salad mix","CM","Compost_mass_reduction",0.4,15.8980167978377,NA,NA,NA,NA
"Salad mix","CM","Compost_xportToField",30,15.8980167978377,10,-3.12198320216228,60,44.4280167978377
"Salad mix","CM","Compost_N_loss",0.38,15.8980167978377,0.26,16.7985684485897,0.51,14.9224191761897
"Salad mix","CM","Compost_EF1",0.015,15.8980167978377,NA,NA,NA,NA
"Salad mix","CM","Compost_FracGasC",0.016,15.8980167978377,NA,NA,NA,NA
"Sweet dry goods","AD","DieselprovisionkgCO2eperL",0.45,-81.7179539172191,0.4,-81.8679539172191,0.5,-81.5679539172191
"Sweet dry goods","CM","DieselprovisionkgCO2eperL",0.45,81.9727823988457,0.4,81.3727823988456,0.5,82.5727823988457
"Sweet dry goods","AF","DieselprovisionkgCO2eperL",0.45,-566.925619834711,0.4,-566.925619834711,0.5,-566.925619834711
"Sweet dry goods","LF","DieselprovisionkgCO2eperL",0.45,1523.09210551671,0.4,1522.80060551671,0.5,1523.38360551671
"Sweet dry goods","LA","DieselprovisionkgCO2eperL",0.45,-70.0120012685715,0.4,-70.3120012685714,0.5,-69.7120012685714
"Sweet dry goods","AD","DieselcombustionkgCO2eperL",2.72,-81.7179539172191,NA,NA,NA,NA
"Sweet dry goods","CM","DieselcombustionkgCO2eperL",2.72,81.9727823988457,NA,NA,NA,NA
"Sweet dry goods","AF","DieselcombustionkgCO2eperL",2.72,-566.925619834711,NA,-566.925619834711,NA,-566.925619834711
"Sweet dry goods","LF","DieselcombustionkgCO2eperL",2.72,1523.09210551671,NA,NA,NA,NA
"Sweet dry goods","LA","DieselcombustionkgCO2eperL",2.72,-70.0120012685715,NA,NA,NA,NA
"Sweet dry goods","AD","EFGrid",-692.15,-81.7179539172191,-918.79,-305.499594110207,-537.18,71.2975807664529
"Sweet dry goods","CM","EFGrid",-692.15,81.9727823988457,-918.79,81.9727823988457,-537.18,81.9727823988457
"Sweet dry goods","AF","EFGrid",-692.15,-566.925619834711,-918.79,-566.925619834711,-537.18,-566.925619834711
"Sweet dry goods","LF","EFGrid",-692.15,1523.09210551671,-918.79,1431.58468821065,-537.18,1585.66228050754
"Sweet dry goods","LA","EFGrid",-692.15,-70.0120012685715,-918.79,-70.0120012685715,-537.18,-70.0120012685715
"Sweet dry goods","AD","LA_DisplacedFertilizer_Production_Factor",-6.8,-81.7179539172191,-13,-81.7179539172191,-4.7,-81.7179539172191
"Sweet dry goods","CM","LA_DisplacedFertilizer_Production_Factor",-6.8,81.9727823988457,-13,77.4573124788457,-4.7,83.5022157588457
"Sweet dry goods","AF","LA_DisplacedFertilizer_Production_Factor",-6.8,-566.925619834711,-13,-566.925619834711,-4.7,-566.925619834711
"Sweet dry goods","LF","LA_DisplacedFertilizer_Production_Factor",-6.8,1523.09210551671,-13,1523.09210551671,-4.7,1523.09210551671
"Sweet dry goods","LA","LA_DisplacedFertilizer_Production_Factor",-6.8,-70.0120012685715,-13,-70.0120012685715,-4.7,-70.0120012685715
"Sweet dry goods","AD","N_availabilityfactor",0.4,-81.7179539172191,0.2,-81.7179539172191,0.6,-81.7179539172191
"Sweet dry goods","CM","N_availabilityfactor",0.4,81.9727823988457,0.2,86.4154221588456,0.6,77.5301426388456
"Sweet dry goods","AF","N_availabilityfactor",0.4,-566.925619834711,0.2,-566.925619834711,0.6,-566.925619834711
"Sweet dry goods","LF","N_availabilityfactor",0.4,1523.09210551671,0.2,1523.09210551671,0.6,1523.09210551671
"Sweet dry goods","LA","N_availabilityfactor",0.4,-70.0120012685715,0.2,-70.0120012685715,0.6,-70.0120012685715
"Sweet dry goods","AD","DieselspreadLpertkm",0.3,-81.7179539172191,0.3,-81.7179539172191,0.6,-72.2079539172191
"Sweet dry goods","CM","DieselspreadLpertkm",0.3,81.9727823988457,0.3,81.9727823988457,0.6,110.502782398846
"Sweet dry goods","AF","DieselspreadLpertkm",0.3,-566.925619834711,0.3,-566.925619834711,0.6,-566.925619834711
"Sweet dry goods","LF","DieselspreadLpertkm",0.3,1523.09210551671,0.3,1523.09210551671,0.6,1523.09210551671
"Sweet dry goods","LA","DieselspreadLpertkm",0.3,-70.0120012685715,0.3,-70.0120012685715,0.6,-50.9920012685714
"Sweet dry goods","AD","EF_Peat_kgCO2eperton",-388,-81.7179539172191,-1197,-81.7179539172191,-550,-81.7179539172191
"Sweet dry goods","CM","EF_Peat_kgCO2eperton",-388,81.9727823988457,-1197,14.0167823988456,-550,68.3647823988457
"Sweet dry goods","AF","EF_Peat_kgCO2eperton",-388,-566.925619834711,-1197,-566.925619834711,-550,-566.925619834711
"Sweet dry goods","LF","EF_Peat_kgCO2eperton",-388,1523.09210551671,-1197,1523.09210551671,-550,1523.09210551671
"Sweet dry goods","LA","EF_Peat_kgCO2eperton",-388,-70.0120012685715,-1197,-70.0120012685715,-550,-70.0120012685715
"Sweet dry goods","LF","LFDieseluseLpert",5.83,1523.09210551671,4,1517.29100551671,10,1536.31100551671
"Sweet dry goods","LF","Landfill_Oxidation_Factor",0.1,1523.09210551671,0.1,1523.09210551671,0.2,1326.14398310374
"Sweet dry goods","LF","Heating_value",11700,1523.09210551671,8979,1438.40436811613,13648,1562.97988851667
"Sweet dry goods","LF","Landfill_CF",0.85,1523.09210551671,0.8,1539.53094059291,0.9,1506.65327044051
"Sweet dry goods","LF","LCEMax",0.9,1523.09210551671,0.85,1546.77505866385,0.95,1499.40915236957
"Sweet dry goods","LF","BMP_Correctionfactor",1,1523.09210551671,0.7,991.332175001697,1,1523.09210551671
"Sweet dry goods","LF","k",0.144,1523.09210551671,0.1,1214.62974805876,0.229,1906.87960121865
"Sweet dry goods","AD","AD_MCFactor",0.84,-81.7179539172191,0.7,2.8805531101149,1,-178.401961948458
"Sweet dry goods","AD","AD_Digester_CH4Leaks",0.03,-81.7179539172191,0,-232.429069582819,0.1,269.941315969181
"Sweet dry goods","AD","AD_Digester_CH4incompleteCombustion",0.005,-81.7179539172191,NA,NA,NA,NA
"Sweet dry goods","AD","AD_Digester_conversion_KwHPerM3",4.19,-81.7179539172191,3.6,14.5155065823634,4.5,-132.281297569542
"Sweet dry goods","AD","AD_Digester_parasiticLoad",0.12,-81.7179539172191,0.1,-97.2502420332919,0.2,-19.5888014529278
"Sweet dry goods","AD","AD_reductionInVS",0.55,-81.7179539172191,0.4,52.102097482781,0.7,-215.538005317219
"Sweet dry goods","AD","AD_Storage_EFresidualMethaneM3CH4PerKgVS",0.054,-81.7179539172191,0.004,-453.440318917219,0.074,66.9709920827811
"Sweet dry goods","AD","AD_Storage_IPCC_EF3",0.005,-81.7179539172191,0.0025,-98.4567506091834,0.01,-48.2403605332905
"Sweet dry goods","AD","AD_Storage_IPCC_FracGasMS",0.26,-81.7179539172191,0.05,-75.2975935422191,0.5,-89.0555086315048
"Sweet dry goods","AD","IPCC_EF4",0.01,-81.7179539172191,0.002,-103.621913545791,0.05,27.801844225638
"Sweet dry goods","AD","AD_CSfactor",0.4,-81.7179539172191,0.15,-14.7374298672191,0.48,-103.151721613219
"Sweet dry goods","AD","AD_xportTofield",10,-81.7179539172191,10,-81.7179539172191,30,-62.6979539172191
"Sweet dry goods","LA","DieselspreadLpertkm",0.3,-70.0120012685715,0.3,-70.0120012685715,0.6,-50.9920012685714
"Sweet dry goods","LA","LA_xportToField",20,-70.0120012685715,10,-79.5220012685714,20,-70.0120012685715
"Sweet dry goods","LA","LandApplication_EF1",0.0125,-70.0120012685715,0.005,-120.96724234,0.05,184.764204088571
"Sweet dry goods","LA","LandApplication_FracGasM",0.2,-70.0120012685715,0.05,-80.2030494828572,0.5,-49.62990484
"Sweet dry goods","LA","IPCC_EF4",0.01,-70.0120012685715,0.002,-80.8824526971429,0.05,-15.6597441257143
"Sweet dry goods","CM","Compost_dieseLlpert",3,81.9727823988457,0.4,73.7307823988457,6,91.4827823988457
"Sweet dry goods","CM","CompostPercentCdegraded",0.58,81.9727823988457,0.4,27.4141009908457,0.83,157.748728798846
"Sweet dry goods","CM","Compost_degradedC_CH4",0.02,81.9727823988457,0.008,-23.5073349899543,0.036,222.612938917246
"Sweet dry goods","CM","Compost_N2OperN",0.005,81.9727823988457,0.001,54.7966538274171,0.018,170.295200255988
"Sweet dry goods","CM","Compost_CS_factor",0.7,81.9727823988457,0.25,202.537725688846,0.9,28.3883631588456
"Sweet dry goods","CM","Compost_mass_reduction",0.4,81.9727823988457,NA,NA,NA,NA
"Sweet dry goods","CM","Compost_xportToField",30,81.9727823988457,10,62.9527823988457,60,110.502782398846
"Sweet dry goods","CM","Compost_N_loss",0.38,81.9727823988457,0.26,92.4824391814057,0.51,70.5873208844056
"Sweet dry goods","CM","Compost_EF1",0.015,81.9727823988457,NA,NA,NA,NA
"Sweet dry goods","CM","Compost_FracGasC",0.016,81.9727823988457,NA,NA,NA,NA
"Unsweetened dry goods","AD","DieselprovisionkgCO2eperL",0.45,-61.4911409953805,0.4,-61.6411409953805,0.5,-61.3411409953805
"Unsweetened dry goods","CM","DieselprovisionkgCO2eperL",0.45,4.27841114135539,0.4,3.67841114135538,0.5,4.8784111413554
"Unsweetened dry goods","AF","DieselprovisionkgCO2eperL",0.45,-522.709090909091,0.4,-522.709090909091,0.5,-522.709090909091
"Unsweetened dry goods","LF","DieselprovisionkgCO2eperL",0.45,1220.90827398213,0.4,1220.61677398213,0.5,1221.19977398213
"Unsweetened dry goods","LA","DieselprovisionkgCO2eperL",0.45,-150.611799637143,0.4,-150.911799637143,0.5,-150.311799637143
"Unsweetened dry goods","AD","DieselcombustionkgCO2eperL",2.72,-61.4911409953805,NA,NA,NA,NA
"Unsweetened dry goods","CM","DieselcombustionkgCO2eperL",2.72,4.27841114135539,NA,NA,NA,NA
"Unsweetened dry goods","AF","DieselcombustionkgCO2eperL",2.72,-522.709090909091,NA,-522.709090909091,NA,-522.709090909091
"Unsweetened dry goods","LF","DieselcombustionkgCO2eperL",2.72,1220.90827398213,NA,NA,NA,NA
"Unsweetened dry goods","LA","DieselcombustionkgCO2eperL",2.72,-150.611799637143,NA,NA,NA,NA
"Unsweetened dry goods","AD","EFGrid",-692.15,-61.4911409953805,-918.79,-263.211851273606,-537.18,76.4397558975627
"Unsweetened dry goods","CM","EFGrid",-692.15,4.27841114135539,-918.79,4.27841114135539,-537.18,4.27841114135539
"Unsweetened dry goods","AF","EFGrid",-692.15,-522.709090909091,-918.79,-522.709090909091,-537.18,-522.709090909091
"Unsweetened dry goods","LF","EFGrid",-692.15,1220.90827398213,-918.79,1138.42187698019,-537.18,1277.31013130384
"Unsweetened dry goods","LA","EFGrid",-692.15,-150.611799637143,-918.79,-150.611799637143,-537.18,-150.611799637143
"Unsweetened dry goods","AD","LA_DisplacedFertilizer_Production_Factor",-6.8,-61.4911409953805,-13,-61.4911409953805,-4.7,-61.4911409953805
"Unsweetened dry goods","CM","LA_DisplacedFertilizer_Production_Factor",-6.8,4.27841114135539,-13,-0.631729946644608,-4.7,5.94152344535539
"Unsweetened dry goods","AF","LA_DisplacedFertilizer_Production_Factor",-6.8,-522.709090909091,-13,-522.709090909091,-4.7,-522.709090909091
"Unsweetened dry goods","LF","LA_DisplacedFertilizer_Production_Factor",-6.8,1220.90827398213,-13,1220.90827398213,-4.7,1220.90827398213
"Unsweetened dry goods","LA","LA_DisplacedFertilizer_Production_Factor",-6.8,-150.611799637143,-13,-150.611799637143,-4.7,-150.611799637143
"Unsweetened dry goods","AD","N_availabilityfactor",0.4,-61.4911409953805,0.2,-61.4911409953805,0.6,-61.4911409953805
"Unsweetened dry goods","CM","N_availabilityfactor",0.4,4.27841114135539,0.2,9.10935640535539,0.6,-0.552534122644605
"Unsweetened dry goods","AF","N_availabilityfactor",0.4,-522.709090909091,0.2,-522.709090909091,0.6,-522.709090909091
"Unsweetened dry goods","LF","N_availabilityfactor",0.4,1220.90827398213,0.2,1220.90827398213,0.6,1220.90827398213
"Unsweetened dry goods","LA","N_availabilityfactor",0.4,-150.611799637143,0.2,-150.611799637143,0.6,-150.611799637143
"Unsweetened dry goods","AD","DieselspreadLpertkm",0.3,-61.4911409953805,0.3,-61.4911409953805,0.6,-51.9811409953805
"Unsweetened dry goods","CM","DieselspreadLpertkm",0.3,4.27841114135539,0.3,4.27841114135539,0.6,32.8084111413554
"Unsweetened dry goods","AF","DieselspreadLpertkm",0.3,-522.709090909091,0.3,-522.709090909091,0.6,-522.709090909091
"Unsweetened dry goods","LF","DieselspreadLpertkm",0.3,1220.90827398213,0.3,1220.90827398213,0.6,1220.90827398213
"Unsweetened dry goods","LA","DieselspreadLpertkm",0.3,-150.611799637143,0.3,-150.611799637143,0.6,-131.591799637143
"Unsweetened dry goods","AD","EF_Peat_kgCO2eperton",-388,-61.4911409953805,-1197,-61.4911409953805,-550,-61.4911409953805
"Unsweetened dry goods","CM","EF_Peat_kgCO2eperton",-388,4.27841114135539,-1197,-63.6775888586446,-550,-9.3295888586446
"Unsweetened dry goods","AF","EF_Peat_kgCO2eperton",-388,-522.709090909091,-1197,-522.709090909091,-550,-522.709090909091
"Unsweetened dry goods","LF","EF_Peat_kgCO2eperton",-388,1220.90827398213,-1197,1220.90827398213,-550,1220.90827398213
"Unsweetened dry goods","LA","EF_Peat_kgCO2eperton",-388,-150.611799637143,-1197,-150.611799637143,-550,-150.611799637143
"Unsweetened dry goods","LF","LFDieseluseLpert",5.83,1220.90827398213,4,1215.10717398213,10,1234.12717398213
"Unsweetened dry goods","LF","Landfill_Oxidation_Factor",0.1,1220.90827398213,0.1,1220.90827398213,0.2,1043.37576905078
"Unsweetened dry goods","LF","Heating_value",11700,1220.90827398213,8979,1144.56925651149,13648,1256.86382382633
"Unsweetened dry goods","LF","Landfill_CF",0.85,1220.90827398213,0.8,1235.72652933524,0.9,1206.09001862902
"Unsweetened dry goods","LF","LCEMax",0.9,1220.90827398213,0.85,1242.25650490137,0.95,1199.56004306289
"Unsweetened dry goods","LF","BMP_Correctionfactor",1,1220.90827398213,0.7,741.570510667492,1,1220.90827398213
"Unsweetened dry goods","LF","k",0.144,1220.90827398213,0.1,942.854874307108,0.229,1566.86107941394
"Unsweetened dry goods","AD","AD_MCFactor",0.84,-61.4911409953805,0.7,14.7674426458614,1,-148.643808013943
"Unsweetened dry goods","AD","AD_Digester_CH4Leaks",0.03,-61.4911409953805,0,-197.344794014773,0.1,255.500716049867
"Unsweetened dry goods","AD","AD_Digester_CH4incompleteCombustion",0.005,-61.4911409953805,NA,NA,NA,NA
"Unsweetened dry goods","AD","AD_Digester_conversion_KwHPerM3",4.19,-61.4911409953805,3.6,25.2553945459906,4.5,-107.069829161186
"Unsweetened dry goods","AD","AD_Digester_parasiticLoad",0.12,-61.4911409953805,0.1,-75.4922189583368,0.2,-5.4868291435555
"Unsweetened dry goods","AD","AD_reductionInVS",0.55,-61.4911409953805,0.4,75.8272414366197,0.7,-198.80952342738
"Unsweetened dry goods","AD","AD_Storage_EFresidualMethaneM3CH4PerKgVS",0.054,-61.4911409953805,0.004,-442.93109219538,0.074,91.0848394846195
"Unsweetened dry goods","AD","AD_Storage_IPCC_EF3",0.005,-61.4911409953805,0.0025,-79.6929793105591,0.01,-25.0874643650234
"Unsweetened dry goods","AD","AD_Storage_IPCC_FracGasMS",0.26,-61.4911409953805,0.05,-54.5096139703805,0.5,-69.4700290239519
"Unsweetened dry goods","AD","IPCC_EF4",0.01,-61.4911409953805,0.002,-85.3095993325234,0.05,57.6011506903338
"Unsweetened dry goods","AD","AD_CSfactor",0.4,-61.4911409953805,0.15,37.3502016046195,0.48,-93.1203706273805
"Unsweetened dry goods","AD","AD_xportTofield",10,-61.4911409953805,10,-61.4911409953805,30,-42.4711409953805
"Unsweetened dry goods","LA","DieselspreadLpertkm",0.3,-150.611799637143,0.3,-150.611799637143,0.6,-131.591799637143
"Unsweetened dry goods","LA","LA_xportToField",20,-150.611799637143,10,-160.121799637143,20,-150.611799637143
"Unsweetened dry goods","LA","LandApplication_EF1",0.0125,-150.611799637143,0.005,-206.02074428,0.05,126.432923577143
"Unsweetened dry goods","LA","LandApplication_FracGasM",0.2,-150.611799637143,0.05,-161.693588565714,0.5,-128.44822178
"Unsweetened dry goods","LA","IPCC_EF4",0.01,-150.611799637143,0.002,-162.432374494286,0.05,-91.5089253514286
"Unsweetened dry goods","CM","Compost_dieseLlpert",3,4.27841114135539,0.4,-3.9635888586446,6,13.7884111413554
"Unsweetened dry goods","CM","CompostPercentCdegraded",0.58,4.27841114135539,0.4,-51.4598117066446,0.83,81.6926095413555
"Unsweetened dry goods","CM","Compost_degradedC_CH4",0.02,4.27841114135539,0.008,-103.482153031445,0.036,147.959163371755
"Unsweetened dry goods","CM","Compost_N2OperN",0.005,4.27841114135539,0.001,-25.2730260015017,0.018,100.320581855641
"Unsweetened dry goods","CM","Compost_CS_factor",0.7,4.27841114135539,0.25,182.192827821355,0.9,-74.7946629386446
"Unsweetened dry goods","CM","Compost_mass_reduction",0.4,4.27841114135539,NA,NA,NA,NA
"Unsweetened dry goods","CM","Compost_xportToField",30,4.27841114135539,10,-14.7415888586446,60,32.8084111413554
"Unsweetened dry goods","CM","Compost_N_loss",0.38,4.27841114135539,0.26,15.7066563745394,0.51,-8.10218786126061
"Unsweetened dry goods","CM","Compost_EF1",0.015,4.27841114135539,NA,NA,NA,NA
"Unsweetened dry goods","CM","Compost_FracGasC",0.016,4.27841114135539,NA,NA,NA,NA
"Yogurt and frozen deserts","AD","DieselprovisionkgCO2eperL",0.45,-21.5694886140479,0.4,-21.7194886140479,0.5,-21.4194886140479
"Yogurt and frozen deserts","CM","DieselprovisionkgCO2eperL",0.45,101.265847031271,0.4,100.665847031271,0.5,101.865847031271
"Yogurt and frozen deserts","AF","DieselprovisionkgCO2eperL",0.45,-219.68367768595,0.4,-219.68367768595,0.5,-219.68367768595
"Yogurt and frozen deserts","LF","DieselprovisionkgCO2eperL",0.45,776.851767917,0.4,776.560267917,0.5,777.143267917
"Yogurt and frozen deserts","LA","DieselprovisionkgCO2eperL",0.45,57.1393111357143,0.4,56.8393111357143,0.5,57.4393111357143
"Yogurt and frozen deserts","AD","DieselcombustionkgCO2eperL",2.72,-21.5694886140479,NA,NA,NA,NA
"Yogurt and frozen deserts","CM","DieselcombustionkgCO2eperL",2.72,101.265847031271,NA,NA,NA,NA
"Yogurt and frozen deserts","AF","DieselcombustionkgCO2eperL",2.72,-219.68367768595,NA,-219.68367768595,NA,-219.68367768595
"Yogurt and frozen deserts","LF","DieselcombustionkgCO2eperL",2.72,776.851767917,NA,NA,NA,NA
"Yogurt and frozen deserts","LA","DieselcombustionkgCO2eperL",2.72,57.1393111357143,NA,NA,NA,NA
"Yogurt and frozen deserts","AD","EFGrid",-692.15,-21.5694886140479,-918.79,-117.976710180411,-537.18,44.3510334744594
"Yogurt and frozen deserts","CM","EFGrid",-692.15,101.265847031271,-918.79,101.265847031271,-537.18,101.265847031271
"Yogurt and frozen deserts","AF","EFGrid",-692.15,-219.68367768595,-918.79,-219.68367768595,-537.18,-219.68367768595
"Yogurt and frozen deserts","LF","EFGrid",-692.15,776.851767917,-918.79,737.429517514406,-537.18,803.807583946342
"Yogurt and frozen deserts","LA","EFGrid",-692.15,57.1393111357143,-918.79,57.1393111357143,-537.18,57.1393111357143
"Yogurt and frozen deserts","AD","LA_DisplacedFertilizer_Production_Factor",-6.8,-21.5694886140479,-13,-21.5694886140479,-4.7,-21.5694886140479
"Yogurt and frozen deserts","CM","LA_DisplacedFertilizer_Production_Factor",-6.8,101.265847031271,-13,99.3500589352709,-4.7,101.914742999271
"Yogurt and frozen deserts","AF","LA_DisplacedFertilizer_Production_Factor",-6.8,-219.68367768595,-13,-219.68367768595,-4.7,-219.68367768595
"Yogurt and frozen deserts","LF","LA_DisplacedFertilizer_Production_Factor",-6.8,776.851767917,-13,776.851767917,-4.7,776.851767917
"Yogurt and frozen deserts","LA","LA_DisplacedFertilizer_Production_Factor",-6.8,57.1393111357143,-13,57.1393111357143,-4.7,57.1393111357143
"Yogurt and frozen deserts","AD","N_availabilityfactor",0.4,-21.5694886140479,0.2,-21.5694886140479,0.6,-21.5694886140479
"Yogurt and frozen deserts","CM","N_availabilityfactor",0.4,101.265847031271,0.2,103.150735319271,0.6,99.3809587432709
"Yogurt and frozen deserts","AF","N_availabilityfactor",0.4,-219.68367768595,0.2,-219.68367768595,0.6,-219.68367768595
"Yogurt and frozen deserts","LF","N_availabilityfactor",0.4,776.851767917,0.2,776.851767917,0.6,776.851767917
"Yogurt and frozen deserts","LA","N_availabilityfactor",0.4,57.1393111357143,0.2,57.1393111357143,0.6,57.1393111357143
"Yogurt and frozen deserts","AD","DieselspreadLpertkm",0.3,-21.5694886140479,0.3,-21.5694886140479,0.6,-12.0594886140479
"Yogurt and frozen deserts","CM","DieselspreadLpertkm",0.3,101.265847031271,0.3,101.265847031271,0.6,129.795847031271
"Yogurt and frozen deserts","AF","DieselspreadLpertkm",0.3,-219.68367768595,0.3,-219.68367768595,0.6,-219.68367768595
"Yogurt and frozen deserts","LF","DieselspreadLpertkm",0.3,776.851767917,0.3,776.851767917,0.6,776.851767917
"Yogurt and frozen deserts","LA","DieselspreadLpertkm",0.3,57.1393111357143,0.3,57.1393111357143,0.6,76.1593111357143
"Yogurt and frozen deserts","AD","EF_Peat_kgCO2eperton",-388,-21.5694886140479,-1197,-21.5694886140479,-550,-21.5694886140479
"Yogurt and frozen deserts","CM","EF_Peat_kgCO2eperton",-388,101.265847031271,-1197,33.3098470312709,-550,87.6578470312709
"Yogurt and frozen deserts","AF","EF_Peat_kgCO2eperton",-388,-219.68367768595,-1197,-219.68367768595,-550,-219.68367768595
"Yogurt and frozen deserts","LF","EF_Peat_kgCO2eperton",-388,776.851767917,-1197,776.851767917,-550,776.851767917
"Yogurt and frozen deserts","LA","EF_Peat_kgCO2eperton",-388,57.1393111357143,-1197,57.1393111357143,-550,57.1393111357143
"Yogurt and frozen deserts","LF","LFDieseluseLpert",5.83,776.851767917,4,771.050667917,10,790.070667917
"Yogurt and frozen deserts","LF","Landfill_Oxidation_Factor",0.1,776.851767917,0.1,776.851767917,0.2,692.004676537334
"Yogurt and frozen deserts","LF","Heating_value",11700,776.851767917,8979,740.367499339423,13648,794.03579753691
"Yogurt and frozen deserts","LF","Landfill_CF",0.85,776.851767917,0.8,783.933771669039,0.9,769.769764164961
"Yogurt and frozen deserts","LF","LCEMax",0.9,776.851767917,0.85,787.0546054216,0.95,766.6489304124
"Yogurt and frozen deserts","LF","BMP_Correctionfactor",1,776.851767917,0.7,547.7646211919,1,776.851767917
"Yogurt and frozen deserts","LF","k",0.144,776.851767917,0.1,643.96330211308,0.229,942.19100709957
"Yogurt and frozen deserts","AD","AD_MCFactor",0.84,-21.5694886140479,0.7,14.8763386849839,1,-63.2218626700843
"Yogurt and frozen deserts","AD","AD_Digester_CH4Leaks",0.03,-21.5694886140479,0,-86.4972454575359,0.1,129.928610687424
"Yogurt and frozen deserts","AD","AD_Digester_CH4incompleteCombustion",0.005,-21.5694886140479,NA,NA,NA,NA
"Yogurt and frozen deserts","AD","AD_Digester_conversion_KwHPerM3",4.19,-21.5694886140479,3.6,19.8887853555241,4.5,-43.3526495133145
"Yogurt and frozen deserts","AD","AD_Digester_parasiticLoad",0.12,-21.5694886140479,0.1,-28.2609434650689,0.2,5.19633079003636
"Yogurt and frozen deserts","AD","AD_reductionInVS",0.55,-21.5694886140479,0.4,24.3988729019521,0.7,-67.5378501300479
"Yogurt and frozen deserts","AD","AD_Storage_EFresidualMethaneM3CH4PerKgVS",0.054,-21.5694886140479,0.004,-149.259381714048,0.074,29.5064686259521
"Yogurt and frozen deserts","AD","AD_Storage_IPCC_EF3",0.005,-21.5694886140479,0.0025,-28.671293744405,0.01,-7.3658783533336
"Yogurt and frozen deserts","AD","AD_Storage_IPCC_FracGasMS",0.26,-21.5694886140479,0.05,-18.8455085640479,0.5,-24.6826086711908
"Yogurt and frozen deserts","AD","IPCC_EF4",0.01,-21.5694886140479,0.002,-30.8627284883336,0.05,24.8967107573807
"Yogurt and frozen deserts","AD","AD_CSfactor",0.4,-21.5694886140479,0.15,-20.2561999890479,0.48,-21.9897409740479
"Yogurt and frozen deserts","AD","AD_xportTofield",10,-21.5694886140479,10,-21.5694886140479,30,-2.5494886140479
"Yogurt and frozen deserts","LA","DieselspreadLpertkm",0.3,57.1393111357143,0.3,57.1393111357143,0.6,76.1593111357143
"Yogurt and frozen deserts","LA","LA_xportToField",20,57.1393111357143,10,47.6293111357143,20,57.1393111357143
"Yogurt and frozen deserts","LA","LandApplication_EF1",0.0125,57.1393111357143,0.005,35.52042185,0.05,165.233757564286
"Yogurt and frozen deserts","LA","LandApplication_FracGasM",0.2,57.1393111357143,0.05,52.8155332785714,0.5,65.78686685
"Yogurt and frozen deserts","LA","IPCC_EF4",0.01,57.1393111357143,0.002,52.5272814214286,0.05,80.1994597071429
"Yogurt and frozen deserts","CM","Compost_dieseLlpert",3,101.265847031271,0.4,93.0238470312709,6,110.775847031271
"Yogurt and frozen deserts","CM","CompostPercentCdegraded",0.58,101.265847031271,0.4,82.0106479912709,0.83,128.009179031271
"Yogurt and frozen deserts","CM","Compost_degradedC_CH4",0.02,101.265847031271,0.008,64.0391288872709,0.036,150.901471223271
"Yogurt and frozen deserts","CM","Compost_N2OperN",0.005,101.265847031271,0.001,89.7357727455566,0.018,138.738588459842
"Yogurt and frozen deserts","CM","Compost_CS_factor",0.7,101.265847031271,0.25,103.629766556271,0.9,100.215216131271
"Yogurt and frozen deserts","CM","Compost_mass_reduction",0.4,101.265847031271,NA,NA,NA,NA
"Yogurt and frozen deserts","CM","Compost_xportToField",30,101.265847031271,10,82.2458470312709,60,129.795847031271
"Yogurt and frozen deserts","CM","Compost_N_loss",0.38,101.265847031271,0.26,105.724801628199,0.51,96.4353128845989
"Yogurt and frozen deserts","CM","Compost_EF1",0.015,101.265847031271,NA,NA,NA,NA
"Yogurt and frozen deserts","CM","Compost_FracGasC",0.016,101.265847031271,NA,NA,NA,NA
